actual,proposed
1.025923272e-06,0.0
1.025923272e-06,0.0
0.00427113504928,0.0
0.00050421373376,0.0
0.00050421373376,0.0
4.9300152352e-05,0.0
9.8367933312e-06,0.0
9.8367933312e-06,0.0
1.4422046848e-06,0.0
7.8695893408e-06,0.0
1.84170734528e-05,0.0
1.84170734528e-05,0.0
2.04972891552e-05,0.0
1.97978011968e-05,0.0
1.91423109152e-05,0.0
1.91423109152e-05,0.0
1.4504159155199999e-05,0.0
1.4504159155199999e-05,0.0
1.31512417696e-05,0.0
9.5843096096e-06,0.0
9.5843096096e-06,0.0
7.178353740800001e-06,0.0
4.5680424768e-06,0.0
4.5680424768e-06,0.0
3.18066188352e-06,0.0
2.1266774636799997e-06,0.0
2.1266774636799997e-06,0.0
1.4808226822399998e-06,0.0
7.834201654399999e-07,0.0
7.834201654399999e-07,0.0
9.0407268512e-07,0.0
9.348120495999999e-07,0.0
9.348120495999999e-07,0.0
1.11911278336e-06,0.0
5.147522547200001e-07,0.0
5.147522547200001e-07,0.0
5.8780350816e-07,0.0
6.8622517568e-07,0.0
6.3307167264e-07,0.0
6.3307167264e-07,0.0
8.7627707904e-07,0.0
5.4069398592e-07,0.0
5.4069398592e-07,0.0
9.5435932064e-07,0.0
9.657092192e-07,0.0
6.018857152e-07,0.0
6.018857152e-07,0.0
1.5875248716800001e-06,0.0
5.326709590400001e-07,0.0
5.326709590400001e-07,0.0
5.0547393952e-07,0.0
6.6335460928e-07,0.0
6.6335460928e-07,0.0
6.0856493984e-07,0.0
6.8371146976e-07,0.0
6.8371146976e-07,0.0
5.5228930944e-07,0.0
1.1770670489599999e-06,0.0
6.1869397216e-07,0.0
6.1869397216e-07,0.0
5.9159351328e-07,0.0
1.09672189088e-06,0.0
1.09672189088e-06,0.0
6.539435232e-07,0.0
2.5893915801599995e-07,0.0
2.5893915801599995e-07,0.0
6.042442982399999e-07,0.0
6.2302042528e-07,0.0
6.2302042528e-07,0.0
6.364128496e-07,0.0
2.6535422672e-07,0.0
2.6535422672e-07,0.0
5.8177875008e-07,0.0
2.54731483424e-07,0.0
3.43774564672e-07,0.0
3.43774564672e-07,0.0
3.8137773660799997e-07,0.0
1.56175122752e-06,0.0
1.56175122752e-06,0.0
2.5390253715199996e-07,0.0
6.3444497952e-07,0.0
6.3444497952e-07,0.0
2.54679090336e-07,0.0
6.3263670272e-07,0.0
6.3263670272e-07,0.0
2.6115665523200003e-07,0.0
5.8266835968e-07,0.0
2.58192556512e-07,0.0
2.58192556512e-07,0.0
2.57205402784e-07,0.0
2.4115841024000004e-07,0.0
2.5476094336e-07,0.0
2.5476094336e-07,0.0
2.54507874016e-07,0.0
2.5399941072e-07,0.0
2.5399941072e-07,0.0
2.53516249888e-07,0.0
2.5303603952e-07,0.0
2.5303603952e-07,0.0
2.5279892950400003e-07,0.0
2.52557170272e-07,0.0
2.52077451648e-07,0.0
2.52077451648e-07,0.0
2.51599074144e-07,0.0
2.51599074144e-07,0.0
2.51357359616e-07,0.0
2.50880770272e-07,0.0
2.50880770272e-07,0.0
2.5064683424e-07,0.0
2.50163896928e-07,0.0
2.50163896928e-07,0.0
2.49931704352e-07,0.0
2.494583784e-07,0.0
2.494583784e-07,0.0
2.49213489888e-07,0.0
2.4898129731199997e-07,0.0
5.5257452096e-07,0.0
5.5257452096e-07,0.0
2.64896413056e-07,0.0
3.0645673836799995e-07,0.0
3.0645673836799995e-07,0.0
3.55772447712e-07,0.0
3.55772447712e-07,0.0
3.59356277984e-07,0.0
3.043962416e-07,0.0
3.043962416e-07,0.0
4.8678990272e-07,0.0
4.9928511776e-07,0.0
4.9928511776e-07,0.0
4.991662051199999e-07,0.0
4.98930168e-07,0.0
4.98930168e-07,0.0
3.19826765984e-07,0.0
3.8861477776e-07,0.0
3.8861477776e-07,0.0
3.69367828192e-07,0.0
3.6620801536e-07,0.0
3.44909331008e-07,0.0
3.44909331008e-07,0.0
4.14255382816e-07,0.0
4.38004785152e-07,0.0
4.38004785152e-07,0.0
3.065621504e-07,0.0
3.06398176128e-07,0.0
4.6231178048e-07,0.0
4.6231178048e-07,0.0
2.8322040384e-07,0.0
5.008935676800001e-07,0.0
2.61790245024e-07,0.0
2.61790245024e-07,0.0
2.6220505343999996e-07,0.0
2.63033016224e-07,0.0
2.63033016224e-07,0.0
2.63444650656e-07,0.0
2.64268858304e-07,0.0
2.64268858304e-07,0.0
2.64681073888e-07,0.0
2.65513060032e-07,0.0
2.65513060032e-07,0.0
2.65927063776e-07,0.0
2.66754356e-07,0.0
2.66754356e-07,0.0
2.6717113139199997e-07,0.0
2.67996769568e-07,0.0
2.67996769568e-07,0.0
2.68414841376e-07,0.0
2.6881431632e-07,0.0
2.6881431632e-07,0.0
2.6879330544e-07,0.0
2.6875499411199997e-07,0.0
2.6875499411199997e-07,0.0
2.68734922016e-07,0.0
2.6871449228799995e-07,0.0
2.68671397632e-07,0.0
2.68671397632e-07,0.0
2.68660847488e-07,0.0
2.72984260736e-07,0.0
2.72984260736e-07,0.0
2.84048947776e-07,0.0
4.7956797152e-07,0.0
4.7956797152e-07,0.0
2.9699750608e-07,0.0
2.87942844992e-07,0.0
2.87942844992e-07,0.0
2.94442583072e-07,0.0
3.02090677504e-07,0.0
4.650154784e-07,0.0
4.650154784e-07,0.0
3.02349647776e-07,0.0
4.1732730758399996e-07,0.0
4.1732730758399996e-07,0.0
3.5881898060799997e-07,0.0
3.5849881056e-07,0.0
3.5849881056e-07,0.0
4.05216770464e-07,0.0
3.46706163584e-07,0.0
3.46706163584e-07,0.0
4.03937565504e-07,0.0
3.1720898915199996e-07,0.0
3.1720898915199996e-07,0.0
4.27347351552e-07,0.0
3.1731154012799997e-07,0.0
3.1731154012799997e-07,0.0
3.17154405568e-07,0.0
3.1677433216e-07,0.0
3.1677433216e-07,0.0
3.16599047776e-07,0.0
2.60235037568e-07,0.0
2.60235037568e-07,0.0
2.4915912982399996e-07,0.0
2.52026533792e-07,0.0
2.69039803296e-07,0.0
2.69039803296e-07,0.0
2.9719509776000004e-07,0.0
2.9719509776000004e-07,0.0
3.14556164384e-07,0.0
3.1419567132799997e-07,0.0
3.1419567132799997e-07,0.0
3.14009792096e-07,0.0
2.96210805088e-07,0.0
2.96210805088e-07,0.0
2.8045058870399996e-07,0.0
2.48195356288e-07,0.0
2.48195356288e-07,0.0
2.52378488384e-07,0.0
2.8372479907199996e-07,0.0
2.8372479907199996e-07,0.0
3.17101207808e-07,0.0
3.9034307910399996e-07,0.0
3.9034307910399996e-07,0.0
4.25407332064e-07,0.0
4.25789595968e-07,0.0
4.25789595968e-07,0.0
4.2605080144e-07,0.0
4.26306687136e-07,0.0
3.94579230144e-07,0.0
3.94579230144e-07,0.0
3.0233833766400003e-07,0.0
2.5324623772799997e-07,0.0
2.5324623772799997e-07,0.0
2.5347168e-07,0.0
2.57587085536e-07,0.0
2.57587085536e-07,0.0
2.58016154528e-07,0.0
2.5844522352e-07,0.0
2.5930309328e-07,0.0
2.5930309328e-07,0.0
2.5973694560000003e-07,0.0
2.6014531664e-07,0.0
2.6014531664e-07,0.0
2.59169115392e-07,0.0
6.2863748288e-07,0.0
6.2863748288e-07,0.0
2.64188078176e-07,0.0
2.86313294784e-07,0.0
2.86313294784e-07,0.0
3.01179207648e-07,0.0
3.36872088256e-07,0.0
3.36872088256e-07,0.0
3.2709805039999996e-07,0.0
3.17550348896e-07,0.0
2.722730648e-07,0.0
2.722730648e-07,0.0
2.58365382176e-07,0.0
2.5285919049599997e-07,0.0
2.5285919049599997e-07,0.0
2.61725111296e-07,0.0
7.418025296e-07,0.0
7.418025296e-07,0.0
4.7669573952e-07,0.0
3.0294827903999997e-07,0.0
3.0294827903999997e-07,0.0
3.21018485216e-07,0.0
4.546146457599999e-07,0.0
3.31946467424e-07,0.0
3.31946467424e-07,0.0
3.41340700096e-07,0.0
4.3012914736e-07,0.0
4.3012914736e-07,0.0
4.08454457664e-07,0.0
3.28371846176e-07,0.0
3.28371846176e-07,0.0
3.1906872025599996e-07,0.0
5.0268351584e-07,0.0
5.0268351584e-07,0.0
2.6447065216e-07,0.0
2.5383467648e-07,0.0
2.5383467648e-07,0.0
6.0750545504e-07,0.0
2.51371128448e-07,0.0
2.51371128448e-07,0.0
2.5045076249600003e-07,0.0
2.50769591424e-07,0.0
2.51316544864e-07,0.0
2.51316544864e-07,0.0
5.534484841599999e-07,0.0
3.01168031648e-07,0.0
3.01168031648e-07,0.0
4.2832154111999994e-07,0.0
3.79410179456e-07,0.0
3.79410179456e-07,0.0
4.01885338976e-07,0.0
4.0173406064e-07,0.0
4.0143557203199996e-07,0.0
4.0143557203199996e-07,0.0
3.5999393584e-07,0.0
3.81192393824e-07,0.0
3.81192393824e-07,0.0
3.56482347232e-07,0.0
3.35716713376e-07,0.0
3.35716713376e-07,0.0
4.2665899935999997e-07,0.0
3.16242041632e-07,0.0
3.16242041632e-07,0.0
2.8322205788800003e-07,0.0
5.656835219199999e-07,0.0
5.656835219199999e-07,0.0
6.1953664256e-07,0.0
2.50854394912e-07,0.0
2.50854394912e-07,0.0
2.50619073056e-07,0.0
2.5014592592e-07,0.0
2.5014592592e-07,0.0
6.1896621952e-07,0.0
2.59554597984e-07,0.0
2.59554597984e-07,0.0
2.8341933664e-07,0.0
3.0049179424e-07,0.0
3.0049179424e-07,0.0
3.1867791788799997e-07,0.0
7.710353692800001e-07,0.0
7.710353692800001e-07,0.0
4.7879727456e-07,0.0
4.677312464e-07,0.0
4.677312464e-07,0.0
3.2406242528e-07,0.0
3.42592546208e-07,0.0
3.42592546208e-07,0.0
3.4249133635199997e-07,0.0
4.5554046560000003e-07,0.0
4.5554046560000003e-07,0.0
3.0630242016e-07,0.0
3.05505750176e-07,0.0
3.0355723692799996e-07,0.0
3.0355723692799996e-07,0.0
2.75775712608e-07,0.0
2.75775712608e-07,0.0
2.6576103312e-07,0.0
2.5854916032e-07,0.0
2.5854916032e-07,0.0
2.58299220256e-07,0.0
2.61133409152e-07,0.0
2.60869834368e-07,0.0
2.60869834368e-07,0.0
5.545370265600001e-07,0.0
2.68874040864e-07,0.0
3.09892330176e-07,0.0
3.09892330176e-07,0.0
3.374392032e-07,0.0
4.04079321888e-07,0.0
4.04079321888e-07,0.0
3.36500329792e-07,0.0
4.04224609888e-07,0.0
3.36596130464e-07,0.0
3.36596130464e-07,0.0
3.3644132051199995e-07,0.0
3.3626536556799997e-07,0.0
4.2697778358400003e-07,0.0
4.2697778358400003e-07,0.0
3.1637034211200003e-07,0.0
2.82567323104e-07,0.0
2.82567323104e-07,0.0
5.1313531104e-07,0.0
6.195209961600001e-07,0.0
6.195209961600001e-07,0.0
2.5100460035199997e-07,0.0
2.50814340128e-07,0.0
2.50339002496e-07,0.0
2.50339002496e-07,0.0
2.5010770400000004e-07,0.0
2.47582017408e-07,0.0
2.47582017408e-07,0.0
6.0534312256e-07,0.0
2.5296549660799997e-07,0.0
2.99873672032e-07,0.0
2.99873672032e-07,0.0
4.2770896220799995e-07,0.0
4.0186920083199996e-07,0.0
4.0186920083199996e-07,0.0
4.13720231232e-07,0.0
4.02273459104e-07,0.0
4.02819071424e-07,0.0
4.02819071424e-07,0.0
3.803773952e-07,0.0
2.8731417264e-07,0.0
2.8731417264e-07,0.0
2.6041206540799996e-07,0.0
2.56915363232e-07,0.0
2.56915363232e-07,0.0
2.5734604156799996e-07,0.0
2.5820364310400003e-07,0.0
2.5820364310400003e-07,0.0
2.5863593078400004e-07,0.0
2.59495365184e-07,0.0
2.59495365184e-07,0.0
2.59473057888e-07,0.0
2.59432332544e-07,0.0
2.59432332544e-07,0.0
2.59412349856e-07,0.0
2.5937207155199996e-07,0.0
2.5937207155199996e-07,0.0
2.5935271472e-07,0.0
2.59557146112e-07,0.0
2.59557146112e-07,0.0
2.59777000384e-07,0.0
2.5997901776e-07,0.0
2.5997901776e-07,0.0
2.60203565952e-07,0.0
2.60407684416e-07,0.0
2.60407684416e-07,0.0
2.6062767279999996e-07,0.0
2.6083264064e-07,0.0
2.6083264064e-07,0.0
2.60813552032e-07,0.0
2.61033629824e-07,0.0
2.6123922352e-07,0.0
2.6123922352e-07,0.0
2.61679066176e-07,0.0
2.61679066176e-07,0.0
2.61657563552e-07,0.0
2.6187884835199996e-07,0.0
2.62077736448e-07,0.0
2.62077736448e-07,0.0
2.62299736512e-07,0.0
2.6250211152e-07,0.0
2.6250211152e-07,0.0
2.62719998816e-07,0.0
2.62923580832e-07,0.0
2.62923580832e-07,0.0
2.62906950944e-07,0.0
2.60877612864e-07,0.0
2.69064926944e-07,0.0
2.69064926944e-07,0.0
2.6927588512e-07,0.0
2.65852363392e-07,0.0
2.65852363392e-07,0.0
2.6300453977600004e-07,0.0
2.59784018912e-07,0.0
2.59784018912e-07,0.0
2.69164438048e-07,0.0
2.69374591552e-07,0.0
2.6934763504e-07,0.0
2.6934763504e-07,0.0
2.69565298816e-07,0.0
2.69538610528e-07,0.0
2.69538610528e-07,0.0
2.6929711951999997e-07,0.0
2.69494398272e-07,0.0
2.69494398272e-07,0.0
2.65856833792e-07,0.0
2.60981102624e-07,0.0
2.60981102624e-07,0.0
2.5978701408000003e-07,0.0
2.69379240768e-07,0.0
2.69379240768e-07,0.0
2.6573984342400003e-07,0.0
2.60860535936e-07,0.0
2.60860535936e-07,0.0
2.59667117952e-07,0.0
2.69049146432e-07,0.0
2.694734768e-07,0.0
2.694734768e-07,0.0
2.65840114496e-07,0.0
2.63209507616e-07,0.0
2.63209507616e-07,0.0
2.6296211568e-07,0.0
2.6318049472e-07,0.0
2.63159528544e-07,0.0
2.63159528544e-07,0.0
2.62908515584e-07,0.0
2.62882140224e-07,0.0
2.62882140224e-07,0.0
2.631031568e-07,0.0
2.63085096384e-07,0.0
2.59862966176e-07,0.0
2.59862966176e-07,0.0
2.6923788672e-07,0.0
2.6581592963199996e-07,0.0
2.6581592963199996e-07,0.0
2.6296587081599997e-07,0.0
2.59744947616e-07,0.0
2.59744947616e-07,0.0
2.6912500912e-07,0.0
2.69553318144e-07,0.0
2.69553318144e-07,0.0
2.69310843648e-07,0.0
2.69285094144e-07,0.0
2.69285094144e-07,0.0
2.6949824281600004e-07,0.0
2.69482462304e-07,0.0
2.62997074208e-07,0.0
2.62997074208e-07,0.0
2.60968719616e-07,0.0
2.59776419232e-07,0.0
2.6936457785599996e-07,0.0
2.6936457785599996e-07,0.0
2.65728086272e-07,0.0
2.62879502688e-07,0.0
2.5965469024e-07,0.0
2.5965469024e-07,0.0
2.6903627168e-07,0.0
2.6946364191999997e-07,0.0
2.6946364191999997e-07,0.0
2.65826032736e-07,0.0
2.6094654643199997e-07,0.0
2.6094654643199997e-07,0.0
2.59755229536e-07,0.0
2.6934598099200003e-07,0.0
2.6934598099200003e-07,0.0
2.6956064960000003e-07,0.0
2.69534900096e-07,0.0
2.69534900096e-07,0.0
2.69518136096e-07,0.0
2.6303185391999996e-07,0.0
2.6303185391999996e-07,0.0
2.61005689824e-07,0.0
2.6918670064000003e-07,0.0
2.6918670064000003e-07,0.0
2.6940431971200003e-07,0.0
2.62914371808e-07,0.0
2.62914371808e-07,0.0
2.6088418435200003e-07,0.0
2.6907203488000003e-07,0.0
2.6907203488000003e-07,0.0
2.69282233088e-07,0.0
2.6586148300799997e-07,0.0
2.6586148300799997e-07,0.0
2.6301365939200003e-07,0.0
2.6098678003200003e-07,0.0
2.6916899785600004e-07,0.0
2.6916899785600004e-07,0.0
2.69382682976e-07,0.0
2.6935496649599997e-07,0.0
2.6935496649599997e-07,0.0
2.6957339023999997e-07,0.0
2.69330066368e-07,0.0
2.69527300416e-07,0.0
2.69527300416e-07,0.0
2.65892999328e-07,0.0
2.61016999936e-07,0.0
2.61016999936e-07,0.0
2.5982121264e-07,0.0
2.6940950537599997e-07,0.0
2.6940950537599997e-07,0.0
2.65772030304e-07,0.0
2.60894645088e-07,0.0
2.60894645088e-07,0.0
2.59705965728e-07,0.0
2.69083032064e-07,0.0
2.69510447008e-07,0.0
2.69510447008e-07,0.0
2.69270610048e-07,0.0
2.6946534067199997e-07,0.0
2.6946534067199997e-07,0.0
2.65831754848e-07,0.0
2.60954637856e-07,0.0
2.60954637856e-07,0.0
2.59759565824e-07,0.0
2.6913819679999997e-07,0.0
2.65711590496e-07,0.0
2.65711590496e-07,0.0
2.62864571552e-07,0.0
2.5963783683199996e-07,0.0
2.5963783683199996e-07,0.0
2.69020804096e-07,0.0
2.69446922624e-07,0.0
2.69446922624e-07,0.0
2.6580908992e-07,0.0
2.60934699872e-07,0.0
2.60934699872e-07,0.0
2.5973837612799997e-07,0.0
2.69329708736e-07,0.0
2.69329708736e-07,0.0
2.69547864256e-07,0.0
2.6930458508799997e-07,0.0
2.6950275792e-07,0.0
2.6950275792e-07,0.0
2.65866176928e-07,0.0
2.609897752e-07,0.0
2.609897752e-07,0.0
2.5979479257599997e-07,0.0
2.69387600416e-07,0.0
2.69387600416e-07,0.0
2.6574918656e-07,0.0
2.62898501888e-07,0.0
2.5967672931200003e-07,0.0
2.5967672931200003e-07,0.0
2.69057550784e-07,0.0
2.6948492102399995e-07,0.0
2.6948492102399995e-07,0.0
2.65846730688e-07,0.0
2.6299787888e-07,0.0
2.59778252096e-07,0.0
2.59778252096e-07,0.0
2.6915715129599995e-07,0.0
2.6958197340799996e-07,0.0
2.6958197340799996e-07,0.0
2.69341287072e-07,0.0
2.69539504608e-07,0.0
2.69539504608e-07,0.0
2.6590435414400003e-07,0.0
2.61026790112e-07,0.0
2.61026790112e-07,0.0
2.59831986304e-07,0.0
2.69420770784e-07,0.0
2.69420770784e-07,0.0
2.6293618736e-07,0.0
2.6293618736e-07,0.0
2.60909442112e-07,0.0
2.6909335868799996e-07,0.0
2.6909335868799996e-07,0.0
2.6930530035199996e-07,0.0
2.65884997312e-07,0.0
2.65884997312e-07,0.0
2.63032926816e-07,0.0
2.63007669056e-07,0.0
2.63007669056e-07,0.0
2.62992022656e-07,0.0
2.59772306464e-07,0.0
2.59772306464e-07,0.0
2.6914865753599996e-07,0.0
2.6935970512e-07,0.0
2.62873557056e-07,0.0
2.62873557056e-07,0.0
2.6084296726399996e-07,0.0
2.6903135423999997e-07,0.0
2.6903135423999997e-07,0.0
2.6924235711999997e-07,0.0
2.65821025888e-07,0.0
2.65821025888e-07,0.0
2.62973649312e-07,0.0
2.59748255712e-07,0.0
2.59748255712e-07,0.0
2.6912997126400003e-07,0.0
2.69558280288e-07,0.0
2.69558280288e-07,0.0
2.69316699872e-07,0.0
2.69288357536e-07,0.0
2.69288357536e-07,0.0
2.69505037824e-07,0.0
2.69487424448e-07,0.0
2.63000427008e-07,0.0
2.63000427008e-07,0.0
2.6097390528e-07,0.0
2.691594312e-07,0.0
2.691594312e-07,0.0
2.6937222224e-07,0.0
2.62882855488e-07,0.0
2.62882855488e-07,0.0
2.60853293888e-07,0.0
2.69043066688e-07,0.0
2.69043066688e-07,0.0
2.6925317548799996e-07,0.0
2.658312184e-07,0.0
2.658312184e-07,0.0
2.62982187776e-07,0.0
2.60954995488e-07,0.0
2.6913909088e-07,0.0
2.6913909088e-07,0.0
2.6935192662399997e-07,0.0
2.6932505952e-07,0.0
2.6932505952e-07,0.0
2.69539996352e-07,0.0
2.65887903072e-07,0.0
2.65887903072e-07,0.0
2.63037933664e-07,0.0
2.59816921056e-07,0.0
2.59816921056e-07,0.0
2.69188175872e-07,0.0
2.6576514588799995e-07,0.0
2.6576514588799995e-07,0.0
2.62917724608e-07,0.0
2.59697069632e-07,0.0
2.59697069632e-07,0.0
2.6928902809600003e-07,0.0
2.6928902809600003e-07,0.0
2.69504501376e-07,0.0
2.6301799567999997e-07,0.0
2.6301799567999997e-07,0.0
2.60992949184e-07,0.0
2.69174988192e-07,0.0
2.69174988192e-07,0.0
2.69600704384e-07,0.0
2.69600704384e-07,0.0
2.69360018048e-07,0.0
2.69559889632e-07,0.0
2.69559889632e-07,0.0
2.65925499136e-07,0.0
2.63075529728e-07,0.0
2.5985326540799997e-07,0.0
2.5985326540799997e-07,0.0
2.6922849888e-07,0.0
2.6580461951999997e-07,0.0
2.6580461951999997e-07,0.0
2.6295438188800003e-07,0.0
2.5973426336e-07,0.0
2.5973426336e-07,0.0
2.6911293904e-07,0.0
2.69541248064e-07,0.0
2.69541248064e-07,0.0
2.69298862976e-07,0.0
2.69514246848e-07,0.0
2.69487603264e-07,0.0
2.69487603264e-07,0.0
2.69470436928e-07,0.0
2.62986568768e-07,0.0
2.62986568768e-07,0.0
2.60960851712e-07,0.0
2.6914423184e-07,0.0
2.6914423184e-07,0.0
2.6935434063999997e-07,0.0
2.62867164384e-07,0.0
2.62867164384e-07,0.0
2.6083666399999997e-07,0.0
2.6902603446399997e-07,0.0
2.6902603446399997e-07,0.0
2.69237126752e-07,0.0
2.65816644896e-07,0.0
2.65816644896e-07,0.0
2.6296470851199997e-07,0.0
2.6293931664e-07,0.0
2.6293931664e-07,0.0
2.6316306016e-07,0.0
2.6291562352e-07,0.0
2.6288477776e-07,0.0
2.6288477776e-07,0.0
2.6310673312e-07,0.0
2.6307901664e-07,0.0
2.6307901664e-07,0.0
2.6306319142400003e-07,0.0
2.59840703584e-07,0.0
2.59840703584e-07,0.0
2.6921821696e-07,0.0
2.65794158784e-07,0.0
2.65794158784e-07,0.0
2.62943965856e-07,0.0
2.59720002784e-07,0.0
2.59720002784e-07,0.0
2.69100958368e-07,0.0
2.6952837331199996e-07,0.0
2.6952837331199996e-07,0.0
2.65891747616e-07,0.0
2.63043342848e-07,0.0
2.59819692704e-07,0.0
2.59819692704e-07,0.0
2.69193540352e-07,0.0
2.69628018528e-07,0.0
2.69628018528e-07,0.0
2.69382191232e-07,0.0
2.69357335808e-07,0.0
2.69357335808e-07,0.0
2.69573971392e-07,0.0
2.69557162688e-07,0.0
2.63071864e-07,0.0
2.63071864e-07,0.0
2.61045163456e-07,0.0
2.69227515392e-07,0.0
2.69227515392e-07,0.0
2.69439367648e-07,0.0
2.6580368073599997e-07,0.0
2.60926921376e-07,0.0
2.60926921376e-07,0.0
2.59731491712e-07,0.0
2.69324791296e-07,0.0
2.69324791296e-07,0.0
2.69297924192e-07,0.0
2.69297924192e-07,0.0
2.6951326336e-07,0.0
2.694857704e-07,0.0
2.694857704e-07,0.0
2.69468604064e-07,0.0
2.62983752416e-07,0.0
2.62983752416e-07,0.0
2.6095901884799995e-07,0.0
2.59761175168e-07,0.0
2.6935429593599997e-07,0.0
2.6935429593599997e-07,0.0
2.65714183328e-07,0.0
2.63084559936e-07,0.0
2.63084559936e-07,0.0
2.6105750176e-07,0.0
2.69236635008e-07,0.0
2.69236635008e-07,0.0
2.69451169504e-07,0.0
2.6296555788799997e-07,0.0
2.6296555788799997e-07,0.0
2.63187513248e-07,0.0
2.6316216608e-07,0.0
2.6316216608e-07,0.0
2.6291383535999997e-07,0.0
2.63130336832e-07,0.0
2.63104408512e-07,0.0
2.63104408512e-07,0.0
2.63085006976e-07,0.0
2.59864754336e-07,0.0
2.59864754336e-07,0.0
2.6923958547200003e-07,0.0
2.69452331808e-07,0.0
2.62968418944e-07,0.0
2.62968418944e-07,0.0
2.6094274659199997e-07,0.0
2.6912657376e-07,0.0
2.6912657376e-07,0.0
2.69337621344e-07,0.0
2.6591459135999997e-07,0.0
2.6591459135999997e-07,0.0
2.62823712096e-07,0.0
2.62823712096e-07,0.0
2.63038961856e-07,0.0
2.63013480576e-07,0.0
2.63013480576e-07,0.0
2.62998683552e-07,0.0
2.59777223904e-07,0.0
2.59777223904e-07,0.0
2.69154379648e-07,0.0
2.6572884624e-07,0.0
2.6572884624e-07,0.0
2.62879323872e-07,0.0
2.60847884704e-07,0.0
2.6903783632e-07,0.0
2.6903783632e-07,0.0
2.69250582656e-07,0.0
2.6582764208e-07,0.0
2.6582764208e-07,0.0
2.62977672672e-07,0.0
2.60952179136e-07,0.0
2.69135603968e-07,0.0
2.69135603968e-07,0.0
2.6934839500800003e-07,0.0
2.69320678528e-07,0.0
2.69320678528e-07,0.0
2.69535972992e-07,0.0
2.69510268192e-07,0.0
2.69510268192e-07,0.0
2.69493951232e-07,0.0
2.6585643145599997e-07,0.0
2.60980655584e-07,0.0
2.60980655584e-07,0.0
2.5978567296e-07,0.0
2.69378793728e-07,0.0
2.69378793728e-07,0.0
2.6573805526400003e-07,0.0
2.60860088896e-07,0.0
2.60860088896e-07,0.0
2.59666715616e-07,0.0
2.69259746976e-07,0.0
2.69259746976e-07,0.0
2.69475220256e-07,0.0
2.65837879296e-07,0.0
2.6095995763199995e-07,0.0
2.6095995763199995e-07,0.0
2.597682384e-07,0.0
2.69358542816e-07,0.0
2.69358542816e-07,0.0
2.69570529184e-07,0.0
2.69330781632e-07,0.0
2.6952984854399996e-07,0.0
2.6952984854399996e-07,0.0
2.65894563968e-07,0.0
2.6101682111999995e-07,0.0
2.6101682111999995e-07,0.0
2.59822866688e-07,0.0
2.6941022063999997e-07,0.0
2.6941022063999997e-07,0.0
2.65776768928e-07,0.0
2.60894421568e-07,0.0
2.60894421568e-07,0.0
2.5970207648e-07,0.0
2.69295599584e-07,0.0
2.69295599584e-07,0.0
2.69509821152e-07,0.0
2.63025684768e-07,0.0
2.63025684768e-07,0.0
2.59800961728e-07,0.0
2.59800961728e-07,0.0
2.69179860928e-07,0.0
2.6961259564800004e-07,0.0
2.6961259564800004e-07,0.0
2.6936489078399996e-07,0.0
2.6956476236800003e-07,0.0
2.6956476236800003e-07,0.0
2.65928762528e-07,0.0
2.6105392544e-07,0.0
2.6105392544e-07,0.0
2.6923247753600004e-07,0.0
2.6923247753600004e-07,0.0
2.65808240544e-07,0.0
2.65808240544e-07,0.0
2.629567512e-07,0.0
2.60933850496e-07,0.0
2.69117811776e-07,0.0
2.69117811776e-07,0.0
2.6932796528e-07,0.0
2.69305479168e-07,0.0
2.69305479168e-07,0.0
2.695181808e-07,0.0
2.69492967744e-07,0.0
2.69492967744e-07,0.0
2.69475354368e-07,0.0
2.62989742752e-07,0.0
2.62989742752e-07,0.0
2.6096228224e-07,0.0
2.6914736112e-07,0.0
2.6914736112e-07,0.0
2.69359213376e-07,0.0
2.62871321856e-07,0.0
2.62871321856e-07,0.0
2.5964910224e-07,0.0
2.5964910224e-07,0.0
2.69030057824e-07,0.0
2.6945698102400003e-07,0.0
2.6945698102400003e-07,0.0
2.65819729472e-07,0.0
2.6318889907199996e-07,0.0
2.6318889907199996e-07,0.0
2.62943384704e-07,0.0
2.63166234144e-07,0.0
2.6313892e-07,0.0
2.6313892e-07,0.0
2.62890633984e-07,0.0
2.62864258624e-07,0.0
2.62864258624e-07,0.0
2.63083084704e-07,0.0
2.61038681376e-07,0.0
2.61038681376e-07,0.0
2.5984396697600003e-07,0.0
2.69221301536e-07,0.0
2.65797288064e-07,0.0
2.65797288064e-07,0.0
2.62948838592e-07,0.0
2.59725903712e-07,0.0
2.59725903712e-07,0.0
2.691057864e-07,0.0
2.6931589519999995e-07,0.0
2.65896620352e-07,0.0
2.65896620352e-07,0.0
2.63045578048e-07,0.0
2.63020364992e-07,0.0
2.63020364992e-07,0.0
2.63001946944e-07,0.0
2.6097502288e-07,0.0
2.69163722784e-07,0.0
2.69163722784e-07,0.0
2.6937378688e-07,0.0
2.62887102368e-07,0.0
2.62887102368e-07,0.0
2.6085481382399995e-07,0.0
2.69041904384e-07,0.0
2.69041904384e-07,0.0
2.6925558950399996e-07,0.0
2.69472001568e-07,0.0
2.62983663008e-07,0.0
2.62983663008e-07,0.0
2.609573648e-07,0.0
2.69141504896e-07,0.0
2.69141504896e-07,0.0
2.6935246307199997e-07,0.0
2.6956891984e-07,0.0
2.69541829216e-07,0.0
2.69541829216e-07,0.0
2.6930158992e-07,0.0
2.6949895808e-07,0.0
2.6949895808e-07,0.0
2.6586407584e-07,0.0
2.6098575184000003e-07,0.0
2.6098575184000003e-07,0.0
2.5979081392e-07,0.0
2.69173557664e-07,0.0
2.6574131865600003e-07,0.0
2.6574131865600003e-07,0.0
2.62897339584e-07,0.0
2.5967181187200004e-07,0.0
2.5967181187200004e-07,0.0
2.6905370624e-07,0.0
2.69480584736e-07,0.0
2.69480584736e-07,0.0
2.6584552368e-07,0.0
2.62993944928e-07,0.0
2.5977516752000004e-07,0.0
2.5977516752000004e-07,0.0
2.69153217344e-07,0.0
2.69364309632e-07,0.0
2.69336548448e-07,0.0
2.69336548448e-07,0.0
2.69554078112e-07,0.0
2.69311693024e-07,0.0
2.69509821152e-07,0.0
2.69509821152e-07,0.0
2.6587341897599996e-07,0.0
2.63025997696e-07,0.0
2.59803062816e-07,0.0
2.59803062816e-07,0.0
2.69182766688e-07,0.0
2.6575517689599996e-07,0.0
2.6575517689599996e-07,0.0
2.6290762150399997e-07,0.0
2.60877523456e-07,0.0
2.6906376464000004e-07,0.0
2.6906376464000004e-07,0.0
2.6927476752e-07,0.0
2.65855000928e-07,0.0
2.65855000928e-07,0.0
2.63004316256e-07,0.0
2.629779856e-07,0.0
2.629779856e-07,0.0
2.6296332268799997e-07,0.0
2.5974065603199997e-07,0.0
2.5974065603199997e-07,0.0
2.6912000227200004e-07,0.0
2.6569218896e-07,0.0
2.6569218896e-07,0.0
2.6307678143999997e-07,0.0
2.61034970944e-07,0.0
2.61034970944e-07,0.0
2.59840167136e-07,0.0
2.6942868339199995e-07,0.0
2.6942868339199995e-07,0.0
2.6579187888000003e-07,0.0
2.6091176672e-07,0.0
2.6091176672e-07,0.0
2.59719421632e-07,0.0
2.69100466624e-07,0.0
2.6952868623999996e-07,0.0
2.6952868623999996e-07,0.0
2.6928630115200004e-07,0.0
2.69484518688e-07,0.0
2.69484518688e-07,0.0
2.65848518848e-07,0.0
2.62998281216e-07,0.0
2.5977404992e-07,0.0
2.5977404992e-07,0.0
2.6915746422399995e-07,0.0
2.65727549824e-07,0.0
2.65727549824e-07,0.0
2.62879815616e-07,0.0
2.60850254016e-07,0.0
2.6903922214399996e-07,0.0
2.6903922214399996e-07,0.0
2.6925022502399997e-07,0.0
2.65828223232e-07,0.0
2.65828223232e-07,0.0
2.629791032e-07,0.0
2.59758314112e-07,0.0
2.59758314112e-07,0.0
2.69136989792e-07,0.0
2.6934629392000003e-07,0.0
2.69321170272e-07,0.0
2.69321170272e-07,0.0
2.69537895264e-07,0.0
2.65883030336e-07,0.0
2.65883030336e-07,0.0
2.63034893792e-07,0.0
2.59812987104e-07,0.0
2.59812987104e-07,0.0
2.69187013568e-07,0.0
2.65766487008e-07,0.0
2.65766487008e-07,0.0
2.6291821635199996e-07,0.0
2.6088628544e-07,0.0
2.6907494064e-07,0.0
2.6907494064e-07,0.0
2.69285094144e-07,0.0
2.65866266336e-07,0.0
2.65866266336e-07,0.0
2.6301303353600003e-07,0.0
2.60987048256e-07,0.0
2.69168416704e-07,0.0
2.69168416704e-07,0.0
2.69384694656e-07,0.0
2.69356978176e-07,0.0
2.69356978176e-07,0.0
2.69572809088e-07,0.0
2.69547059584e-07,0.0
2.69547059584e-07,0.0
2.6953110025599996e-07,0.0
2.63045131008e-07,0.0
2.63045131008e-07,0.0
2.61019145728e-07,0.0
2.6919608847999996e-07,0.0
2.6919608847999996e-07,0.0
2.69412411136e-07,0.0
2.65777171264e-07,0.0
2.63141423424e-07,0.0
2.63141423424e-07,0.0
2.62898546592e-07,0.0
2.62870427776e-07,0.0
2.62870427776e-07,0.0
2.63092830176e-07,0.0
2.6284485708800003e-07,0.0
2.62822147456e-07,0.0
2.62822147456e-07,0.0
2.63039140672e-07,0.0
2.6099531849599997e-07,0.0
2.6099531849599997e-07,0.0
2.59801364064e-07,0.0
2.6939122144000004e-07,0.0
2.6939122144000004e-07,0.0
2.6575244995199997e-07,0.0
2.6290140764800003e-07,0.0
2.5968052915200003e-07,0.0
2.5968052915200003e-07,0.0
2.69061171808e-07,0.0
2.69489436128e-07,0.0
2.69489436128e-07,0.0
2.6585401744e-07,0.0
2.60976364e-07,0.0
2.60976364e-07,0.0
2.59780174368e-07,0.0
2.693717752e-07,0.0
2.693717752e-07,0.0
2.69586443808e-07,0.0
2.69559800224e-07,0.0
2.69559800224e-07,0.0
2.69320052672e-07,0.0
2.6951728671999997e-07,0.0
2.6951728671999997e-07,0.0
2.65882717408e-07,0.0
2.6303364208e-07,0.0
2.5981169068799995e-07,0.0
2.5981169068799995e-07,0.0
2.69184957184e-07,0.0
2.65760049632e-07,0.0
2.65760049632e-07,0.0
2.62913433024e-07,0.0
2.5969094518399997e-07,0.0
2.5969094518399997e-07,0.0
2.69072079584e-07,0.0
2.69284870624e-07,0.0
2.6586251119999997e-07,0.0
2.6586251119999997e-07,0.0
2.6301281001600003e-07,0.0
2.59789785728e-07,0.0
2.59789785728e-07,0.0
2.69169981344e-07,0.0
2.69593909376e-07,0.0
2.69593909376e-07,0.0
2.69354161824e-07,0.0
2.6955483808e-07,0.0
2.6955483808e-07,0.0
2.65919464096e-07,0.0
2.6104364352000003e-07,0.0
2.6104364352000003e-07,0.0
2.59846157472e-07,0.0
2.69437087744e-07,0.0
2.69437087744e-07,0.0
2.6579952326400003e-07,0.0
2.60920439296e-07,0.0
2.60920439296e-07,0.0
2.59724517888e-07,0.0
2.69319829152e-07,0.0
2.69319829152e-07,0.0
2.69534855392e-07,0.0
2.69508748256e-07,0.0
2.69508748256e-07,0.0
2.6926985008e-07,0.0
2.6946627945599997e-07,0.0
2.6946627945599997e-07,0.0
2.65828267936e-07,0.0
2.6297865615999996e-07,0.0
2.59755184832e-07,0.0
2.59755184832e-07,0.0
2.69139180288e-07,0.0
2.65709981152e-07,0.0
2.65709981152e-07,0.0
2.6286108464e-07,0.0
2.5963470755199997e-07,0.0
2.5963470755199997e-07,0.0
2.69018792416e-07,0.0
2.69447950816e-07,0.0
2.69447950816e-07,0.0
2.6581060985599996e-07,0.0
2.6318420515199997e-07,0.0
2.6318420515199997e-07,0.0
2.62933236896e-07,0.0
2.62910527264e-07,0.0
2.62910527264e-07,0.0
2.6313060505599997e-07,0.0
2.6310248624e-07,0.0
2.6310248624e-07,0.0
2.62853216736e-07,0.0
2.6305800576e-07,0.0
2.6305800576e-07,0.0
2.61033003968e-07,0.0
2.69209678496e-07,0.0
2.69209678496e-07,0.0
2.69425062368e-07,0.0
2.62937886112e-07,0.0
2.62937886112e-07,0.0
2.6090886096e-07,0.0
2.69096800896e-07,0.0
2.69096800896e-07,0.0
2.69307803776e-07,0.0
2.69523277056e-07,0.0
2.63038157184e-07,0.0
2.63038157184e-07,0.0
2.6100966848e-07,0.0
2.6918938287999997e-07,0.0
2.6918938287999997e-07,0.0
2.69404811456e-07,0.0
2.69377094976e-07,0.0
2.69377094976e-07,0.0
2.69592031808e-07,0.0
2.6957066329599997e-07,0.0
2.6957066329599997e-07,0.0
2.69550278272e-07,0.0
2.63067527712e-07,0.0
2.63067527712e-07,0.0
2.6104355411200003e-07,0.0
2.69222419136e-07,0.0
2.69222419136e-07,0.0
2.69434316096e-07,0.0
2.6294915152e-07,0.0
2.6294915152e-07,0.0
2.60923523872e-07,0.0
2.6910869216e-07,0.0
2.6910869216e-07,0.0
2.6931705750399995e-07,0.0
2.69293677312e-07,0.0
2.69293677312e-07,0.0
2.69507720064e-07,0.0
2.6585334688000003e-07,0.0
2.6585334688000003e-07,0.0
2.63004942112e-07,0.0
2.59781694304e-07,0.0
2.59781694304e-07,0.0
2.69159520608e-07,0.0
2.693740104e-07,0.0
2.62887415296e-07,0.0
2.62887415296e-07,0.0
2.6085521616e-07,0.0
2.69044854848e-07,0.0
2.69044854848e-07,0.0
2.69256707104e-07,0.0
2.65833945344e-07,0.0
2.65833945344e-07,0.0
2.62984870016e-07,0.0
2.60958616512e-07,0.0
2.6914356128e-07,0.0
2.6914356128e-07,0.0
2.6935456416e-07,0.0
2.6932774176e-07,0.0
2.6932774176e-07,0.0
2.69545271424e-07,0.0
2.65892328768e-07,0.0
2.65892328768e-07,0.0
2.63042493472e-07,0.0
2.59819737408e-07,0.0
2.59819737408e-07,0.0
2.6919264627199997e-07,0.0
2.69407136064e-07,0.0
2.62924027872e-07,0.0
2.62924027872e-07,0.0
2.6089303574399997e-07,0.0
2.6907972396799997e-07,0.0
2.6907972396799997e-07,0.0
2.69291665632e-07,0.0
2.69508032992e-07,0.0
2.6302157199999997e-07,0.0
2.6302157199999997e-07,0.0
2.6099563142399997e-07,0.0
2.5980225814399996e-07,0.0
2.69387734528e-07,0.0
2.69387734528e-07,0.0
2.69609421664e-07,0.0
2.6957844179199996e-07,0.0
2.6957844179199996e-07,0.0
2.6933864953600004e-07,0.0
2.6953592828799995e-07,0.0
2.6953592828799995e-07,0.0
2.65901716608e-07,0.0
2.61027728896e-07,0.0
2.61027728896e-07,0.0
2.59830108736e-07,0.0
2.69420770784e-07,0.0
2.69420770784e-07,0.0
2.65783876864e-07,0.0
2.63156309856e-07,0.0
2.63156309856e-07,0.0
2.6290444752000003e-07,0.0
2.63124570016e-07,0.0
2.63099982816e-07,0.0
2.63099982816e-07,0.0
2.6285169679999997e-07,0.0
2.6282532144e-07,0.0
2.6282532144e-07,0.0
2.6304593568e-07,0.0
2.61001264128e-07,0.0
2.61001264128e-07,0.0
2.59804627456e-07,0.0
2.693952448e-07,0.0
2.693952448e-07,0.0
2.65757367392e-07,0.0
2.62909052032e-07,0.0
2.59686474784e-07,0.0
2.59686474784e-07,0.0
2.69067788e-07,0.0
2.694969464e-07,0.0
2.694969464e-07,0.0
2.6585804079999997e-07,0.0
2.60982309632e-07,0.0
2.60982309632e-07,0.0
2.5978433184e-07,0.0
2.69380134848e-07,0.0
2.69380134848e-07,0.0
2.69593015296e-07,0.0
2.6956556704e-07,0.0
2.6956556704e-07,0.0
2.69325774784e-07,0.0
2.69524841696e-07,0.0
2.69524841696e-07,0.0
2.63037754848e-07,0.0
2.63037754848e-07,0.0
2.61011635456e-07,0.0
2.6919072399999997e-07,0.0
2.6919072399999997e-07,0.0
2.694053032e-07,0.0
2.6292031743999996e-07,0.0
2.6292031743999996e-07,0.0
2.60891113472e-07,0.0
2.596978296e-07,0.0
2.69288938688e-07,0.0
2.69288938688e-07,0.0
2.69506155424e-07,0.0
2.6301790627199997e-07,0.0
2.6301790627199997e-07,0.0
2.60993753856e-07,0.0
2.5979850300799997e-07,0.0
2.69385007584e-07,0.0
2.69385007584e-07,0.0
2.69602358432e-07,0.0
2.69577458304e-07,0.0
2.69577458304e-07,0.0
2.6955971081600004e-07,0.0
2.6307539561599997e-07,0.0
2.6307539561599997e-07,0.0
2.6105057264e-07,0.0
2.6923100230400004e-07,0.0
2.6923100230400004e-07,0.0
2.69443793344e-07,0.0
2.62958852288e-07,0.0
2.62958852288e-07,0.0
2.6092960361600004e-07,0.0
2.69114593088e-07,0.0
2.69114593088e-07,0.0
2.69326490048e-07,0.0
2.69302215776e-07,0.0
2.69302215776e-07,0.0
2.69515856192e-07,0.0
2.69490598432e-07,0.0
2.69490598432e-07,0.0
2.6947298505599996e-07,0.0
2.65836940512e-07,0.0
2.60961656384e-07,0.0
2.60961656384e-07,0.0
2.59763902112e-07,0.0
2.69145885888e-07,0.0
2.65716820864e-07,0.0
2.65716820864e-07,0.0
2.6286890783999996e-07,0.0
2.6083836275199997e-07,0.0
2.6902853788799997e-07,0.0
2.6902853788799997e-07,0.0
2.69237842016e-07,0.0
2.6581655548799996e-07,0.0
2.6581655548799996e-07,0.0
2.62967390752e-07,0.0
2.63187513248e-07,0.0
2.63164803616e-07,0.0
2.63164803616e-07,0.0
2.6291741168e-07,0.0
2.62887415296e-07,0.0
2.62887415296e-07,0.0
2.63107537792e-07,0.0
2.6286108464e-07,0.0
2.6306493488e-07,0.0
2.6306493488e-07,0.0
2.61035462688e-07,0.0
2.69219021632e-07,0.0
2.69219021632e-07,0.0
2.69433109088e-07,0.0
2.62946558688e-07,0.0
2.62946558688e-07,0.0
2.60918964064e-07,0.0
2.69102612416e-07,0.0
2.69102612416e-07,0.0
2.69315358752e-07,0.0
2.6928755286400003e-07,0.0
2.6928755286400003e-07,0.0
2.69505127232e-07,0.0
2.69479422432e-07,0.0
2.69479422432e-07,0.0
2.6946095968e-07,0.0
2.65826435072e-07,0.0
2.6094739580799997e-07,0.0
2.6094739580799997e-07,0.0
2.59753217856e-07,0.0
2.69343969312e-07,0.0
2.69343969312e-07,0.0
2.65705421344e-07,0.0
2.60824012768e-07,0.0
2.60824012768e-07,0.0
2.5963050537599997e-07,0.0
2.69226666016e-07,0.0
2.69226666016e-07,0.0
2.6944169225600004e-07,0.0
2.6295491833600003e-07,0.0
2.6295491833600003e-07,0.0
2.60929335392e-07,0.0
2.69114324864e-07,0.0
2.69114324864e-07,0.0
2.69323584288e-07,0.0
2.6929935471999997e-07,0.0
2.6929935471999997e-07,0.0
2.6951384451200003e-07,0.0
2.65861751232e-07,0.0
2.65861751232e-07,0.0
2.63009859552e-07,0.0
2.59787595232e-07,0.0
2.59787595232e-07,0.0
2.69168729632e-07,0.0
2.6574078220800003e-07,0.0
2.6574078220800003e-07,0.0
2.62894970272e-07,0.0
2.6086509574400005e-07,0.0
2.69052320416e-07,0.0
2.69052320416e-07,0.0
2.69262429216e-07,0.0
2.65841455616e-07,0.0
2.65841455616e-07,0.0
2.62991665024e-07,0.0
2.59766494944e-07,0.0
2.59766494944e-07,0.0
2.6915107155199996e-07,0.0
2.69575044288e-07,0.0
2.69575044288e-07,0.0
2.6933435795200004e-07,0.0
2.69531636704e-07,0.0
2.69531636704e-07,0.0
2.65898140288e-07,0.0
2.6102048684799995e-07,0.0
2.6102048684799995e-07,0.0
2.59825727744e-07,0.0
2.6941379695999997e-07,0.0
2.6941379695999997e-07,0.0
2.65777215968e-07,0.0
2.60899964864e-07,0.0
2.60899964864e-07,0.0
2.5970310467199995e-07,0.0
2.69087323648e-07,0.0
2.69514693888e-07,0.0
2.69514693888e-07,0.0
2.65878738752e-07,0.0
2.6100251584e-07,0.0
2.6100251584e-07,0.0
2.59806415616e-07,0.0
2.6918334784000003e-07,0.0
2.6961523318400003e-07,0.0
2.6961523318400003e-07,0.0
2.69371954016e-07,0.0
2.6934535513600003e-07,0.0
2.6934535513600003e-07,0.0
2.6956199072e-07,0.0
2.6590976332799997e-07,0.0
2.6590976332799997e-07,0.0
2.6305961510400004e-07,0.0
2.61030098208e-07,0.0
2.69208471488e-07,0.0
2.69208471488e-07,0.0
2.69425598816e-07,0.0
2.6294021072e-07,0.0
2.6294021072e-07,0.0
2.60910917344e-07,0.0
2.69096487968e-07,0.0
2.69096487968e-07,0.0
2.6931012838399996e-07,0.0
2.69526540448e-07,0.0
2.69497304032e-07,0.0
2.69497304032e-07,0.0
2.69480584736e-07,0.0
2.6299609072e-07,0.0
2.6299609072e-07,0.0
2.60969524288e-07,0.0
2.69152680896e-07,0.0
2.69152680896e-07,0.0
2.69363594368e-07,0.0
2.6287673104e-07,0.0
2.6287673104e-07,0.0
2.60847124736e-07,0.0
2.6903703164799996e-07,0.0
2.6903703164799996e-07,0.0
0.00427749821664,0.0
0.00059800004352,0.0
0.0145631058496,0.0
0.0145631058496,0.0
0.004844505424,0.0
0.010223594691199999,0.0
0.010223594691199999,0.0
0.007205801996799999,0.0
0.0066016319072,0.0
0.0066016319072,0.0
0.0169646226112,0.0
0.010990433696,0.0
0.024253104656,0.0
0.024253104656,0.0
0.0323714002304,0.0
0.0301981823264,0.0
0.0301981823264,0.0
0.035756293232,0.0
0.035756293232,0.0
0.0371722969024,0.0
0.03736785008,0.0
0.03736785008,0.0
0.043302820176,0.0
0.045697948736,0.0
0.045697948736,0.0
0.0346904872864,0.0
0.045374202368,0.0
0.045374202368,0.0
0.049283433056000005,0.0
0.052361258752000005,0.0
0.052361258752000005,0.0
0.07271481113600001,0.0
0.05609726143999999,0.0
0.05845293872,0.0
0.05845293872,0.0
0.069562732096,0.0
0.070759636992,0.0
0.070759636992,0.0
0.081603262752,0.0
0.069687903296,0.0
0.069687903296,0.0
0.060260142624,0.0
0.07940905632,0.0
0.07940905632,0.0
0.081947528256,0.0
0.096269527552,0.0
0.096269527552,0.0
0.083910391488,0.0
0.08175297644799999,0.0
0.08175297644799999,0.0
0.1018334768,0.0
0.09306255199999999,0.0
0.09306255199999999,0.0
0.096481826848,0.0
0.095089833696,0.0
0.095089833696,0.0
0.097622494112,0.0
0.09803189334399999,0.0
0.102733770656,0.0
0.102733770656,0.0
0.096603287616,0.0
0.119446808096,0.0
0.119446808096,0.0
0.09454198617599999,0.0
0.115558185952,0.0
0.11246364096000001,0.0
0.11246364096000001,0.0
0.126265196288,0.0
0.112789711936,0.0
0.112789711936,0.0
0.116383868832,0.0
0.123192019808,0.0
0.123192019808,0.0
0.141334512352,0.0
0.13842919939200002,0.0
0.13842919939200002,0.0
0.184807185376,0.0
0.18630535052799999,0.0
0.24004228547200002,0.0
0.24004228547200002,0.0
0.297898336384,0.0
0.399765117664,0.0
0.399765117664,0.0
0.46014989504,0.0
0.59255464928,0.0
0.59255464928,0.0
0.6821763343999999,0.0
0.7775277312,0.0
0.9728506832,0.0
0.9728506832,0.0
1.0833388544,0.0
1.29451295072,0.0
1.29451295072,0.0
1.39951147072,0.0
1.6099439276799998,0.0
1.6099439276799998,0.0
1.7150153152,0.0
1.8195802064,0.0
2.02773231232,0.0
2.02773231232,0.0
2.13148984928,0.0
2.3384121481599998,0.0
2.3384121481599998,0.0
2.4415706515199997,0.0
2.54453066912,0.0
2.74982931872,0.0
2.74982931872,0.0
2.8521759974400003,0.0
3.0562627216,0.0
3.0562627216,0.0
3.1580058963199997,0.0
3.3608891888,0.0
3.3608891888,0.0
3.46203377696,0.0
3.66372391968,0.0
3.66372391968,0.0
3.8646143078399997,0.0
3.8646143078399997,0.0
3.96476154976,0.0
4.16446415264,0.0
4.16446415264,0.0
4.26401772544,0.0
4.36337236544,0.0
4.561488870400001,0.0
4.561488870400001,0.0
4.6602534176,0.0
4.8571745376,0.0
4.8571745376,0.0
4.9553400512,0.0
5.1952127744,0.0
5.1952127744,0.0
5.175748652799999,0.0
5.405138288,0.0
5.5589513408,0.0
5.5589513408,0.0
5.6219213952,0.0
5.7711254656,0.0
5.7711254656,0.0
5.8217974496,0.0
5.9409738432,0.0
5.9409738432,0.0
6.001221424,0.0
6.0931820224,0.0
6.0931820224,0.0
6.0935977696000005,0.0
6.154578496,0.0
6.154578496,0.0
6.1487222720000005,0.0
6.1487222720000005,0.0
6.1632778944,0.0
6.1413639936,0.0
6.1413639936,0.0
6.11852472,0.0
6.0958061472,0.0
6.0958061472,0.0
6.095882144,0.0
6.073396032000001,0.0
6.0510797952,0.0
6.0510797952,0.0
6.0290451936,0.0
6.0290451936,0.0
6.0289200223999995,0.0
6.0060762784,0.0
5.98664792,0.0
5.98664792,0.0
5.9871977792,0.0
5.9657443296,0.0
5.9657443296,0.0
5.9448630912,0.0
5.92406232,0.0
5.92406232,0.0
5.9237136288,0.0
5.902962032,0.0
5.902962032,0.0
5.8827379423999995,0.0
5.8823221951999995,0.0
5.8617628256,0.0
5.8617628256,0.0
5.8417488448,0.0
5.8213727616,0.0
5.8213727616,0.0
5.820863136,0.0
5.800522816,0.0
5.800522816,0.0
5.7802674336,0.0
5.7802674336,0.0
5.762300896,0.0
5.7602981568,0.0
5.7412587232,0.0
5.7412587232,0.0
5.7213252096,0.0
5.7213252096,0.0
5.7022276608,0.0
5.6825802528,0.0
5.6825802528,0.0
5.6819588672,0.0
5.6624858048,0.0
5.6624858048,0.0
5.643812944,0.0
5.6245768128,0.0
5.6245768128,0.0
5.6238257856,0.0
5.6046164767999995,0.0
5.6046164767999995,0.0
5.5863504224,0.0
5.567342281599999,0.0
5.567342281599999,0.0
5.56643032,0.0
5.5474490016,0.0
5.5474490016,0.0
5.529545049599999,0.0
5.5107470176,0.0
5.5107470176,0.0
5.4920249824,0.0
5.4920249824,0.0
5.4909565568000005,0.0
5.4722792255999995,0.0
5.4722792255999995,0.0
5.4547999616,0.0
5.436296976,0.0
5.436296976,0.0
5.4351436128,0.0
5.416694272,0.0
5.416694272,0.0
5.3995145248,0.0
5.4022369984,0.0
5.472306047999999,0.0
5.472306047999999,0.0
5.454683731199999,0.0
5.5645259296,0.0
5.5645259296,0.0
5.6267628384,0.0
5.7608435456,0.0
5.7608435456,0.0
5.6827680096,0.0
5.8556026144,0.0
5.8556026144,0.0
5.9935278656,0.0
6.2200877376,0.0
6.2200877376,0.0
6.1943248224000005,0.0
6.399297132799999,0.0
6.604367792,0.0
6.604367792,0.0
6.5847516768,0.0
6.7848065472,0.0
6.7848065472,0.0
6.9656699903999995,0.0
7.1602352096,0.0
7.1602352096,0.0
7.167213503999999,0.0
7.3566020000000005,0.0
7.3566020000000005,0.0
7.5395710016,0.0
7.7264560736,0.0
7.7264560736,0.0
7.730434729600001,0.0
7.918687744,0.0
7.918687744,0.0
8.1072581568,0.0
8.1072581568,0.0
8.2751753216,0.0
8.526791785599999,0.0
8.526791785599999,0.0
8.4363511232,0.0
8.610795072,0.0
8.7917434528,0.0
8.7917434528,0.0
8.8748705408,0.0
9.057857424,0.0
9.057857424,0.0
9.1512485504,0.0
9.330328304,0.0
9.330328304,0.0
9.4187036416,0.0
9.5973274144,0.0
9.5973274144,0.0
9.775043696000001,0.0
9.775043696000001,0.0
9.863843721599999,0.0
10.0402859392,0.0
10.0402859392,0.0
10.1281114176,0.0
10.3035388544,0.0
10.3035388544,0.0
10.3910379936,0.0
10.5653612416,0.0
10.5653612416,0.0
10.652234524799999,0.0
10.825525110400001,0.0
10.825525110400001,0.0
10.9981049024,0.0
10.9981049024,0.0
11.08413328,0.0
11.2556580576,0.0
11.2556580576,0.0
11.341163398399999,0.0
11.5116465728,0.0
11.5116465728,0.0
11.5966244064,0.0
11.6814368352,0.0
11.8505341856,0.0
11.8505341856,0.0
11.934828048,0.0
12.1028972064,0.0
12.1028972064,0.0
12.186672502399999,0.0
12.3537134688,0.0
12.3537134688,0.0
12.4369791392,0.0
12.6030008544,0.0
12.6030008544,0.0
12.6857613696,0.0
12.850768303999999,0.0
12.850768303999999,0.0
13.015104678399998,0.0
13.015104678399998,0.0
13.0970247584,0.0
13.2603552928,0.0
13.2603552928,0.0
13.341774688,0.0
13.5041083232,0.0
13.5041083232,0.0
13.585031504,0.0
13.6657848096,0.0
13.8267996768,0.0
13.8267996768,0.0
13.9070612384,0.0
14.067097087999999,0.0
14.067097087999999,0.0
14.146871376,0.0
14.2264802592,0.0
14.3852152224,0.0
14.3852152224,0.0
14.543297507199998,0.0
14.543297507199998,0.0
14.622097248,0.0
14.700740524799999,0.0
14.857539804800002,0.0
14.857539804800002,0.0
14.935700278399999,0.0
15.0915428928,0.0
15.0915428928,0.0
15.246755180800001,0.0
15.246755180800001,0.0
15.3241199232,0.0
15.478380016,0.0
15.478380016,0.0
15.632014252800001,0.0
15.632014252800001,0.0
15.687773552000001,0.0
15.8394184608,0.0
15.8394184608,0.0
15.8881413504,0.0
15.9671601408,0.0
15.9671601408,0.0
16.0043359872,0.0
16.039236399999997,0.0
16.039236399999997,0.0
16.054279295999997,0.0
16.054279295999997,0.0
16.0623662496,0.0
16.0345290688,0.0
16.0345290688,0.0
16.0191017184,0.0
15.961183215999998,0.0
15.961183215999998,0.0
15.93094096,0.0
15.8705145632,0.0
15.8705145632,0.0
15.840393008000001,0.0
15.7803376544,0.0
15.7803376544,0.0
15.7503949152,0.0
15.6906882528,0.0
15.6906882528,0.0
15.6609243296,0.0
15.601575299199999,0.0
15.601575299199999,0.0
15.571990192000001,0.0
15.512998793600001,0.0
15.512998793600001,0.0
15.483592502399999,0.0
15.4249542656,0.0
15.4249542656,0.0
15.395726790399998,0.0
15.36655296,0.0
15.308393055999998,0.0
15.308393055999998,0.0
15.279402511999999,0.0
15.2215957696,0.0
15.2215957696,0.0
15.1640259584,0.0
15.1640259584,0.0
15.1353259904,0.0
15.0781048704,0.0
15.0781048704,0.0
15.0495837184,0.0
15.0211162112,0.0
14.964360012799999,0.0
14.964360012799999,0.0
14.936066851199998,0.0
14.879654873600002,0.0
14.879654873600002,0.0
14.85212168,0.0
14.797046352,0.0
14.797046352,0.0
14.7696428,0.0
14.7149653376,0.0
14.7149653376,0.0
14.6876869568,0.0
14.6332374848,0.0
14.6332374848,0.0
14.6060663936,0.0
14.553034038399998,0.0
14.553034038399998,0.0
14.5266184448,0.0
14.4739392512,0.0
14.4739392512,0.0
14.421470166399999,0.0
14.421470166399999,0.0
14.395322796799999,0.0
14.343180051200001,0.0
14.343180051200001,0.0
14.3171980864,0.0
14.291265296,0.0
14.2395695904,0.0
14.2395695904,0.0
14.2138066752,0.0
14.1624373088,0.0
14.1624373088,0.0
14.1368308576,0.0
14.08578336,0.0
14.08578336,0.0
14.0603378432,0.0
14.0095988032,0.0
14.0095988032,0.0
13.9843097504,0.0
13.9338746976,0.0
13.9338746976,0.0
13.9085364704,0.0
13.8577393152,0.0
13.8577393152,0.0
13.8325933152,0.0
13.782529305599999,0.0
13.782529305599999,0.0
13.7575844736,0.0
13.7327022272,0.0
13.6830986688,0.0
13.6830986688,0.0
13.6587618112,0.0
13.6081524128,0.0
13.6081524128,0.0
13.583158406399999,0.0
13.533367091199999,0.0
13.533367091199999,0.0
13.508547430399998,0.0
13.459046691200001,0.0
13.459046691200001,0.0
13.4343700832,0.0
13.3851688608,0.0
13.3851688608,0.0
13.3606487168,0.0
13.311751481599998,0.0
13.311751481599998,0.0
13.287383331200001,0.0
13.2387945536,0.0
13.2387945536,0.0
13.2145739264,0.0
13.1662846656,0.0
13.1662846656,0.0
13.142216031999999,0.0
13.0942218176,0.0
13.0942218176,0.0
13.0703007072,0.0
13.022606009599999,0.0
13.022606009599999,0.0
12.9747235552,0.0
12.9747235552,0.0
12.950847148800001,0.0
12.9032686816,0.0
12.9032686816,0.0
12.87955768,0.0
12.832305552,0.0
12.832305552,0.0
12.8087554848,0.0
12.7618207552,0.0
12.7618207552,0.0
12.738225984,0.0
12.691188435199999,0.0
12.691188435199999,0.0
12.6677456576,0.0
12.6209986848,0.0
12.6209986848,0.0
12.5976944896,0.0
12.5512336224,0.0
12.5512336224,0.0
12.5280680096,0.0
12.4818843072,0.0
12.4818843072,0.0
12.458861747199999,0.0
12.4129552096,0.0
12.4129552096,0.0
12.390071232,0.0
12.3444373888,0.0
12.3444373888,0.0
12.3216919936,0.0
12.276335315199999,0.0
12.276335315199999,0.0
12.253728502400001,0.0
12.208653459199999,0.0
12.208653459199999,0.0
12.186180758399999,0.0
12.1413739392,0.0
12.1413739392,0.0
12.1190442912,0.0
12.074416288,0.0
12.074416288,0.0
12.029873222400001,0.0
12.029873222400001,0.0
12.007677686400001,0.0
11.963416255999999,0.0
11.963416255999999,0.0
11.9413593024,0.0
11.897383977599999,0.0
11.897383977599999,0.0
11.8754656064,0.0
11.8317763872,0.0
11.8317763872,0.0
11.788064816,0.0
11.788064816,0.0
11.766271616,0.0
11.7228282688,0.0
11.7228282688,0.0
11.7011691808,0.0
11.6579895872,0.0
11.6579895872,0.0
11.6364646112,0.0
11.5935487712,0.0
11.5935487712,0.0
11.572153436799999,0.0
11.5508028064,0.0
11.508235657599998,0.0
11.508235657599998,0.0
11.487010198399998,0.0
11.4447023328,0.0
11.4447023328,0.0
11.4236109856,0.0
11.3815579328,0.0
11.3815579328,0.0
11.3605962272,0.0
11.051615590399999,0.0
11.051615590399999,0.0
10.8976371328,0.0
10.5909319296,0.0
10.5909319296,0.0
10.4382454176,0.0
10.134262688,0.0
10.134262688,0.0
9.8321172928,0.0
9.8321172928,0.0
9.6816033952,0.0
9.3819569536,0.0
9.3819569536,0.0
9.2328557024,0.0
8.9360479648,0.0
8.9360479648,0.0
8.7883191264,0.0
8.4941668064,0.0
8.4941668064,0.0
8.3477388544,0.0
8.056152544,0.0
8.056152544,0.0
7.9109941856,0.0
7.62192024,0.0
7.62192024,0.0
7.4780046528,0.0
7.191219552000001,0.0
7.191219552000001,0.0
7.048434975999999,0.0
6.7641711808,0.0
6.7641711808,0.0
6.6226785504,0.0
6.340940531199999,0.0
6.340940531199999,0.0
6.2006862016,0.0
5.921397961599999,0.0
5.921397961599999,0.0
5.7823595808,0.0
5.5054808864,0.0
5.5054808864,0.0
5.3676405728,0.0
5.093140131199999,0.0
5.093140131199999,0.0
4.956480003199999,0.0
4.6946352639999995,0.0
4.6946352639999995,0.0
4.5560439232,0.0
4.28176521344,0.0
4.28176521344,0.0
4.145933003520001,0.0
3.8765194300799997,0.0
3.8765194300799997,0.0
3.74281200128,0.0
3.477121824,0.0
3.477121824,0.0
3.3450519027200003,0.0
3.08229028448,0.0
3.08229028448,0.0
2.951548072,0.0
2.69124830304,0.0
2.69124830304,0.0
2.5616648182399997,0.0
2.3035930966400002,0.0
2.3035930966400002,0.0
2.0469505619199997,0.0
2.0469505619199997,0.0
1.91915881344,0.0
1.6646325660799999,0.0
1.6646325660799999,0.0
1.41151583584,0.0
1.41151583584,0.0
1.28548766016,0.0
1.03449213472,0.0
1.03449213472,0.0
0.90952657312,0.0
0.66066119328,0.0
0.66066119328,0.0
0.53676137504,0.0
0.288756681312,0.0
0.288756681312,0.0
0.194942118624,0.0
0.0045079111264,0.0
0.0045079111264,0.0
0.00427262637472,0.0
0.0035030859072,0.0
0.0035030859072,0.0
0.0030551621091199996,0.0
0.00260865229856,0.0
0.0017873794681599999,0.0
0.0017873794681599999,0.0
0.0011209443062400002,0.0
0.0011209443062400002,0.0
0.00085393491392,0.0
0.00044407634832,0.0
0.00044407634832,0.0
0.000296281660928,0.0
0.000178693198112,0.0
2.33808893824e-05,0.0
2.33808893824e-05,0.0
2.57512072224e-05,0.0
7.741664374399999e-05,0.0
7.741664374399999e-05,0.0
8.8417985216e-05,0.0
8.9570186112e-05,0.0
8.9570186112e-05,0.0
8.482677878399999e-05,0.0
6.933357939199999e-05,0.0
6.933357939199999e-05,0.0
6.0560821728e-05,0.0
5.0553563104e-05,0.0
3.4404815315199995e-05,0.0
3.4404815315199995e-05,0.0
2.06499443744e-05,0.0
2.06499443744e-05,0.0
1.59354426528e-05,0.0
1.16974363968e-05,0.0
4.680195872e-06,0.0
4.680195872e-06,0.0
1.75838445376e-06,0.0
1.27393793472e-06,0.0
1.27393793472e-06,0.0
1.0481098672e-06,0.0
1.7707768496e-06,0.0
1.7707768496e-06,0.0
2.63228238592e-06,0.0
2.63228238592e-06,0.0
1.05589328064e-06,0.0
2.0076767568e-06,0.0
2.0076767568e-06,0.0
1.2789532764799999e-06,0.0
1.7995774016e-06,0.0
1.7995774016e-06,0.0
8.4777157344e-07,0.0
4.02027050656e-07,0.0
4.02027050656e-07,0.0
1.9362956448e-07,0.0
4.6773661088e-08,0.0
4.6773661088e-08,0.0
5.6518775456e-07,0.0
2.384142552e-07,0.0
2.384142552e-07,0.0
3.42070627008e-07,0.0
4.6103548128e-07,0.0
4.6103548128e-07,0.0
5.800098128e-07,0.0
4.6105202176e-07,0.0
4.6105202176e-07,0.0
6.9897565056e-07,0.0
3.12374653888e-07,0.0
3.12374653888e-07,0.0
8.179504291199999e-07,0.0
5.790231955199999e-09,0.0
5.601567663999999e-09,0.0
5.601567663999999e-09,0.0
5.458197465599999e-09,0.0
5.2037065343999996e-09,0.0
5.2037065343999996e-09,0.0
5.0953216863999996e-09,0.0
4.9199925984e-09,0.0
4.9199925984e-09,0.0
4.8544788864e-09,0.0
1.55690352576e-08,0.0
1.55690352576e-08,0.0
3.00726669056e-08,0.0
5.9635001888e-08,0.0
5.9635001888e-08,0.0
5.9637281792e-08,0.0
5.9637281792e-08,0.0
5.9638533504e-08,0.0
5.9641126336e-08,0.0
5.9641126336e-08,0.0
5.9642422752e-08,0.0
5.2051817664e-07,0.0
5.2051817664e-07,0.0
5.3539790304e-07,0.0
5.95434928e-08,0.0
5.95434928e-08,0.0
8.9279967744e-08,0.0
1.48783137536e-07,0.0
1.48783137536e-07,0.0
1.48767625248e-07,0.0
4.907672176e-07,0.0
4.907672176e-07,0.0
2.38004230112e-07,0.0
2.23174080448e-07,0.0
2.23174080448e-07,0.0
2.08330072544e-07,0.0
4.4614350598399993e-07,0.0
4.4614350598399993e-07,0.0
7.2869799904e-07,0.0
7.2869799904e-07,0.0
3.1230817904e-07,0.0
2.52834469184e-07,0.0
2.52834469184e-07,0.0
1.9336326275199999e-07,0.0
7.4491973952e-08,0.0
7.4491973952e-08,0.0
4.4884961792e-08,0.0
1.596424544e-08,0.0
1.596424544e-08,0.0
4.504576208e-08,0.0
3.56930326016e-07,0.0
3.56930326016e-07,0.0
3.56929297824e-07,0.0
4.5162975968e-08,0.0
4.5226008608e-08,0.0
4.5226008608e-08,0.0
8.9550248128e-08,0.0
1.3407605798399999e-07,0.0
1.3407605798399999e-07,0.0
6.692448083199999e-07,0.0
5.956258140799999e-08,0.0
5.956258140799999e-08,0.0
3.68855743872e-09,0.0
8.9360792576e-08,0.0
8.9360792576e-08,0.0
4.0154004528e-07,0.0
5.056344268799999e-07,0.0
5.056344268799999e-07,0.0
5.2050789472e-07,0.0
5.2051147104e-07,0.0
6.692233504000001e-07,0.0
6.692233504000001e-07,0.0
3.7181792031999997e-07,0.0
8.1794193536e-07,0.0
8.1794193536e-07,0.0
8.9290652e-08,0.0
8.9290652e-08,0.0
1.19017649696e-07,0.0
1.4874576499199998e-07,0.0
1.4874576499199998e-07,0.0
1.4874393212799998e-07,0.0
1.48741294592e-07,0.0
1.48741294592e-07,0.0
1.6377444512e-07,0.0
8.927925248000001e-08,0.0
8.927925248000001e-08,0.0
7.442442620799999e-08,0.0
3.00115654784e-08,0.0
3.00115654784e-08,0.0
4.42181658688e-09,0.0
5.9727539168e-08,0.0
5.9727539168e-08,0.0
3.71792349632e-07,0.0
4.7588838528e-07,0.0
4.7588838528e-07,0.0
4.907640883199999e-07,0.0
4.907640883199999e-07,0.0
4.6102519935999996e-07,0.0
3.7180808544e-07,0.0
3.7180808544e-07,0.0
3.4207321984e-07,0.0
2.5287197583999996e-07,0.0
2.5287197583999996e-07,0.0
1.93431212832e-07,0.0
1.93431212832e-07,0.0
1.1901916963200001e-07,0.0
1.7848675503999998e-07,0.0
1.7848675503999998e-07,0.0
2.0822363232e-07,0.0
2.37961358976e-07,0.0
2.37961358976e-07,0.0
2.3796064371199998e-07,0.0
7.1385537696e-07,0.0
7.1385537696e-07,0.0
1.48742009856e-07,0.0
3.0025007971199995e-08,0.0
3.0025007971199995e-08,0.0
3.0132038288000004e-08,0.0
4.3128318112e-07,0.0
4.3128318112e-07,0.0
1.7856284124799999e-07,0.0
1.4890450889599999e-07,0.0
1.4890450889599999e-07,0.0
1.340862952e-07,0.0
4.0153150681599997e-07,0.0
4.0153150681599997e-07,0.0
3.71789354464e-07,0.0
8.179267359999999e-07,0.0
8.179267359999999e-07,0.0
2.23087757024e-07,0.0
1.6362276444800001e-07,0.0
1.6362276444800001e-07,0.0
1.04188841152e-07,0.0
1.04188841152e-07,0.0
1.02613159264e-06,0.0
4.4974280384e-08,0.0
4.4974280384e-08,0.0
2.3797512780799997e-07,0.0
5.9823608064e-08,0.0
5.9823608064e-08,0.0
2.082267616e-07,0.0
1.63615790624e-07,0.0
1.63615790624e-07,0.0
1.488822016e-07,0.0
1.934710888e-07,0.0
1.934710888e-07,0.0
7.4413473728e-08,0.0
2.3807669529599998e-07,0.0
2.3807669529599998e-07,0.0
5.800178595199999e-07,0.0
5.9581848832e-08,0.0
5.9581848832e-08,0.0
8.930451024e-08,0.0
1.48792078336e-07,0.0
1.48792078336e-07,0.0
8.9359406752e-08,0.0
5.205038713599999e-07,0.0
5.205038713599999e-07,0.0
2.67768600352e-07,0.0
2.38074549504e-07,0.0
2.38074549504e-07,0.0
6.1533178432e-08,0.0
4.6101491743999997e-07,0.0
4.6101491743999997e-07,0.0
6.989546396799999e-07,0.0
3.12308268448e-07,0.0
3.12308268448e-07,0.0
2.8257031827199997e-07,0.0
1.6362468671999999e-07,0.0
1.6362468671999999e-07,0.0
1.04194831488e-07,0.0
1.04194831488e-07,0.0
7.4517276416e-08,0.0
1.59481698816e-08,0.0
1.59481698816e-08,0.0
1.60987195424e-08,0.0
3.56930415424e-07,0.0
3.56930415424e-07,0.0
3.8667189721599997e-07,0.0
3.8667001964800003e-07,0.0
3.8667001964800003e-07,0.0
7.8564865984e-09,0.0
7.8564865984e-09,0.0
5.0564560288e-07,0.0
1.7848697856e-07,0.0
1.7848697856e-07,0.0
8.9315596832e-08,0.0
8.9393426496e-08,0.0
8.9393426496e-08,0.0
4.3128514809599993e-07,0.0
5.2050565952e-07,0.0
5.2050565952e-07,0.0
2.67777004704e-07,0.0
2.38084294976e-07,0.0
2.38084294976e-07,0.0
6.1588209056e-08,0.0
4.6101715264e-07,0.0
4.6101715264e-07,0.0
6.989559808e-07,0.0
3.12312068288e-07,0.0
3.12312068288e-07,0.0
2.82574609856e-07,0.0
1.6363259932799998e-07,0.0
1.6363259932799998e-07,0.0
1.3391284368e-07,0.0
1.04208108576e-07,0.0
4.4963104383999995e-08,0.0
4.4963104383999995e-08,0.0
1.60415252448e-08,0.0
4.5125648128e-08,0.0
4.5125648128e-08,0.0
3.56937031616e-07,0.0
3.8667663584e-07,0.0
3.8667663584e-07,0.0
7.475693456e-08,0.0
7.475693456e-08,0.0
7.9914122112e-09,0.0
2.08230695552e-07,0.0
2.08230695552e-07,0.0
1.7849837808e-07,0.0
5.1504596e-09,0.0
5.1504596e-09,0.0
8.9421724128e-08,0.0
5.964818956800001e-08,0.0
5.964818956800001e-08,0.0
5.205087888e-07,0.0
2.67786437248e-07,0.0
2.38095247456e-07,0.0
2.38095247456e-07,0.0
6.1647441856e-08,0.0
4.6101983488e-07,0.0
4.6101983488e-07,0.0
6.989573219199999e-07,0.0
3.12316806912e-07,0.0
3.12316806912e-07,0.0
2.8258001904e-07,0.0
1.63642389504e-07,0.0
1.63642389504e-07,0.0
1.33925047872e-07,0.0
7.455934288000001e-08,0.0
7.455934288000001e-08,0.0
4.5001683936000004e-08,0.0
1.6287643116800002e-08,0.0
1.6287643116800002e-08,0.0
4.5160606655999995e-08,0.0
3.86684816672e-07,0.0
3.86684816672e-07,0.0
3.8668329673599996e-07,0.0
7.4775218496e-08,0.0
7.4775218496e-08,0.0
8.1657086368e-09,0.0
2.08241648032e-07,0.0
2.08241648032e-07,0.0
1.78511386944e-07,0.0
5.639990752e-09,0.0
5.639990752e-09,0.0
8.9453016928e-08,0.0
5.9634644256e-08,0.0
5.9634644256e-08,0.0
5.2051147104e-07,0.0
2.5295829926400003e-07,0.0
2.5295829926400003e-07,0.0
2.3811518543999997e-07,0.0
5.9874615328e-08,0.0
4.46152089152e-07,0.0
4.46152089152e-07,0.0
4.16408014528e-07,0.0
4.16408014528e-07,0.0
4.0153816771199996e-07,0.0
3.4205945100799996e-07,0.0
3.4205945100799996e-07,0.0
3.1232203728e-07,0.0
8.4767635392e-07,0.0
8.4767635392e-07,0.0
1.93388341696e-07,0.0
1.63668183712e-07,0.0
1.04272214112e-07,0.0
1.04272214112e-07,0.0
7.4631629248e-08,0.0
1.64678985856e-08,0.0
1.64678985856e-08,0.0
2.9746958032000004e-07,0.0
3.56947000608e-07,0.0
3.56947000608e-07,0.0
3.5694579360000004e-07,0.0
8.099752355199999e-09,0.0
8.099752355199999e-09,0.0
2.3798129696000002e-07,0.0
2.3798129696000002e-07,0.0
1.33971987072e-07,0.0
3.03616425024e-08,0.0
3.03616425024e-08,0.0
4.01552160064e-07,0.0
2.08327479712e-07,0.0
2.08327479712e-07,0.0
2.0835282688e-07,0.0
1.78683542048e-07,0.0
1.78683542048e-07,0.0
1.63861930848e-07,0.0
4.312807224e-07,0.0
4.312807224e-07,0.0
7.2870157536e-07,0.0
2.82579840224e-07,0.0
2.82579840224e-07,0.0
2.52844125248e-07,0.0
1.33915570624e-07,0.0
1.33915570624e-07,0.0
1.02613159264e-06,0.0
1.58204237312e-08,0.0
1.58204237312e-08,0.0
4.4988988e-08,0.0
1.04309363136e-07,0.0
1.04309363136e-07,0.0
4.1642848896e-07,0.0
4.1642848896e-07,0.0
4.16428533664e-07,0.0
3.07181211392e-08,0.0
3.07181211392e-08,0.0
4.5313270816e-08,0.0
1.19251317504e-07,0.0
1.19251317504e-07,0.0
6.989828032e-07,0.0
8.9355606912e-08,0.0
8.9355606912e-08,0.0
3.02167478976e-08,0.0
3.7181179587200003e-07,0.0
3.7181179587200003e-07,0.0
4.6102877567999995e-07,0.0
4.6102877567999995e-07,0.0
2.0833686755199998e-07,0.0
1.93522900736e-07,0.0
1.93522900736e-07,0.0
1.7869351104e-07,0.0
4.6102385824e-07,0.0
3.71800217536e-07,0.0
3.71800217536e-07,0.0
2.52841308896e-07,0.0
2.52841308896e-07,0.0
2.2310773971199998e-07,0.0
1.7851782432e-07,0.0
1.7851782432e-07,0.0
1.63663310976e-07,0.0
1.0426398857599999e-07,0.0
1.0426398857599999e-07,0.0
7.461969328e-08,0.0
1.6442077555199998e-08,0.0
1.6442077555199998e-08,0.0
2.97470429696e-07,0.0
3.2720739638399996e-07,0.0
3.2720739638399996e-07,0.0
3.27206055264e-07,0.0
1.6826317376e-08,0.0
7.5846505152e-07,0.0
7.5846505152e-07,0.0
1.7851268336e-07,0.0
5.5984026208e-09,0.0
5.5984026208e-09,0.0
8.9447831264e-08,0.0
5.961108524799999e-08,0.0
5.961108524799999e-08,0.0
5.205132592e-07,0.0
2.52952800672e-07,0.0
2.52952800672e-07,0.0
2.38108524544e-07,0.0
1.9355088544e-07,0.0
1.9355088544e-07,0.0
4.4615262559999997e-07,0.0
4.16409400352e-07,0.0
4.16409400352e-07,0.0
4.01540000576e-07,0.0
3.56931398912e-07,0.0
3.56931398912e-07,0.0
3.4206459196799996e-07,0.0
3.12328832288e-07,0.0
9.071635196799999e-07,0.0
9.071635196799999e-07,0.0
1.33951691456e-07,0.0
7.4616474592e-08,0.0
7.4616474592e-08,0.0
4.5104145504e-08,0.0
2.9746958032000004e-07,0.0
2.9746958032000004e-07,0.0
3.2720864809599996e-07,0.0
3.2720668112e-07,0.0
1.68125664256e-08,0.0
1.68125664256e-08,0.0
3.08046189088e-08,0.0
1.78511610464e-07,0.0
1.78511610464e-07,0.0
5.561714048e-09,0.0
5.561714048e-09,0.0
8.944550665599999e-08,0.0
5.9613320448e-08,0.0
5.9613320448e-08,0.0
5.205132592e-07,0.0
2.52952085408e-07,0.0
2.52952085408e-07,0.0
2.38107764576e-07,0.0
5.9839030944e-08,0.0
4.4615231267199997e-07,0.0
4.4615231267199997e-07,0.0
6.692166448000001e-07,0.0
4.0153959824e-07,0.0
4.0153959824e-07,0.0
7.287020224e-07,0.0
3.42064100224e-07,0.0
3.42064100224e-07,0.0
2.5285637414399997e-07,0.0
2.5285637414399997e-07,0.0
9.071635196799999e-07,0.0
1.042597864e-07,0.0
1.042597864e-07,0.0
4.5099272768e-08,0.0
4.5099272768e-08,0.0
1.64135251104e-08,0.0
3.27207932832e-07,0.0
3.27207932832e-07,0.0
3.27204580032e-07,0.0
3.27204580032e-07,0.0
1.67999330752e-08,0.0
3.07979177792e-08,0.0
1.78510492864e-07,0.0
1.78510492864e-07,0.0
8.936356422399999e-08,0.0
8.9443182048e-08,0.0
8.9443182048e-08,0.0
4.3129391008000003e-07,0.0
5.2051281216e-07,0.0
5.2051281216e-07,0.0
2.67796987392e-07,0.0
2.52951370144e-07,0.0
5.984193670399999e-08,0.0
5.984193670399999e-08,0.0
1.93549365504e-07,0.0
4.4615195504e-07,0.0
4.16408685088e-07,0.0
4.16408685088e-07,0.0
4.01539195904e-07,0.0
3.4206155209599996e-07,0.0
3.4206155209599996e-07,0.0
3.12324764224e-07,0.0
8.47677248e-07,0.0
8.47677248e-07,0.0
1.6367649865600001e-07,0.0
1.6367649865600001e-07,0.0
1.33970601248e-07,0.0
1.04287636992e-07,0.0
4.5159712575999996e-08,0.0
4.5159712575999996e-08,0.0
2.67736011136e-07,0.0
3.27210793888e-07,0.0
3.27210793888e-07,0.0
3.2720927395199996e-07,0.0
2.97463187648e-07,0.0
2.97463187648e-07,0.0
4.5360835872e-08,0.0
1.63645563488e-07,0.0
1.63645563488e-07,0.0
1.1906248780799999e-07,0.0
5.971157984e-08,0.0
5.9834337024e-08,0.0
5.9834337024e-08,0.0
8.9324805856e-08,0.0
8.9324805856e-08,0.0
4.9077034688e-07,0.0
2.232383648e-07,0.0
2.232383648e-07,0.0
2.08400928384e-07,0.0
4.7589509088e-07,0.0
4.7589509088e-07,0.0
4.6102385824e-07,0.0
3.4205797577599996e-07,0.0
3.4205797577599996e-07,0.0
2.82582656576e-07,0.0
2.82582656576e-07,0.0
8.77416584e-07,0.0
1.3392491376e-07,0.0
1.3392491376e-07,0.0
1.0422317382399999e-07,0.0
4.4995738303999996e-08,0.0
4.4995738303999996e-08,0.0
1.61298335264e-08,0.0
4.5157432672e-08,0.0
4.5157432672e-08,0.0
3.56951202784e-07,0.0
3.86691030528e-07,0.0
3.86687990656e-07,0.0
3.86687990656e-07,0.0
7.4767037664e-08,0.0
4.5367943808e-08,0.0
4.5367943808e-08,0.0
4.6102162303999996e-07,0.0
1.1906834403199999e-07,0.0
1.1906834403199999e-07,0.0
5.9724409888e-08,0.0
3.42076662048e-07,0.0
3.42076662048e-07,0.0
4.0155390351999995e-07,0.0
1.48910007488e-07,0.0
1.48910007488e-07,0.0
1.34088798624e-07,0.0
1.0449814812799999e-07,0.0
1.0449814812799999e-07,0.0
8.9746811616e-08,0.0
3.86673685376e-07,0.0
3.42061999136e-07,0.0
3.42061999136e-07,0.0
7.881891881600001e-07,0.0
2.2311252304e-07,0.0
2.2311252304e-07,0.0
1.9338190432e-07,0.0
1.0422648192e-07,0.0
1.0422648192e-07,0.0
1.58575235808e-08,0.0
1.58575235808e-08,0.0
7.4572262336e-08,0.0
1.33998273024e-07,0.0
1.33998273024e-07,0.0
1.63726120096e-07,0.0
5.0565052032e-07,0.0
5.0565052032e-07,0.0
5.0565052032e-07,0.0
1.63776635616e-07,0.0
1.63776635616e-07,0.0
8.960268592e-08,0.0
2.52865002016e-07,0.0
2.52865002016e-07,0.0
2.08264938816e-07,0.0
2.52892405568e-07,0.0
2.52892405568e-07,0.0
1.59650858752e-08,0.0
8.9479794624e-08,0.0
8.9479794624e-08,0.0
4.01553858816e-07,0.0
1.48930884256e-07,0.0
1.48930884256e-07,0.0
1.34113475232e-07,0.0
1.045335984e-07,0.0
1.045335984e-07,0.0
4.01546214432e-07,0.0
3.71804643232e-07,0.0
7.8819052928e-07,0.0
7.8819052928e-07,0.0
2.5285181433600003e-07,0.0
1.93390085152e-07,0.0
1.93390085152e-07,0.0
1.63667513152e-07,0.0
1.0425062208e-07,0.0
1.0425062208e-07,0.0
7.4596134272e-08,0.0
1.63221635456e-08,0.0
1.63221635456e-08,0.0
1.6487076601599998e-08,0.0
3.42088240384e-07,0.0
3.42088240384e-07,0.0
3.42088285088e-07,0.0
1.6820863488e-08,0.0
1.6820863488e-08,0.0
2.8259924176e-07,0.0
4.7589285568e-07,0.0
4.7589285568e-07,0.0
1.7851429270399998e-07,0.0
5.9724231072e-08,0.0
5.9724231072e-08,0.0
3.03362059264e-08,0.0
4.31294714752e-07,0.0
4.31294714752e-07,0.0
1.78595788096e-07,0.0
1.6379040444799998e-07,0.0
1.6379040444799998e-07,0.0
1.48967183904e-07,0.0
1.3415741926399999e-07,0.0
3.86670913728e-07,0.0
3.86670913728e-07,0.0
3.7179963638400004e-07,0.0
8.179298652799999e-07,0.0
8.179298652799999e-07,0.0
1.93368180192e-07,0.0
1.93368180192e-07,0.0
1.63640064896e-07,0.0
9.9639002144e-07,0.0
9.9639002144e-07,0.0
7.453708028799999e-08,0.0
4.5009864768e-08,0.0
4.5009864768e-08,0.0
1.6176544735999997e-08,0.0
1.63149796128e-08,0.0
3.2720770931199996e-07,0.0
3.2720770931199996e-07,0.0
1.65268095168e-08,0.0
4.5232803616e-08,0.0
4.5232803616e-08,0.0
7.4743031616e-08,0.0
1.0439769824e-07,0.0
1.0439769824e-07,0.0
7.1385537696e-07,0.0
8.9315328608e-08,0.0
8.9315328608e-08,0.0
3.0208607299199996e-08,0.0
3.0208607299199996e-08,0.0
3.7180406208e-07,0.0
1.78577459456e-07,0.0
1.78577459456e-07,0.0
1.63751333152e-07,0.0
1.3410887072e-07,0.0
1.3410887072e-07,0.0
4.01534144352e-07,0.0
4.01534144352e-07,0.0
3.71791902592e-07,0.0
8.179276300799999e-07,0.0
8.179276300799999e-07,0.0
1.93357227712e-07,0.0
1.93357227712e-07,0.0
1.63627279552e-07,0.0
1.04195099712e-07,0.0
1.04195099712e-07,0.0
4.492126144e-08,0.0
4.492126144e-08,0.0
2.3798375568e-07,0.0
2.3798375568e-07,0.0
5.9822356352e-08,0.0
5.9822356352e-08,0.0
2.0823525536e-07,0.0
1.63625714912e-07,0.0
1.63625714912e-07,0.0
1.48879876992e-07,0.0
1.78608886368e-07,0.0
1.78608886368e-07,0.0
8.928345465599999e-08,0.0
2.2321167651200001e-07,0.0
2.2321167651200001e-07,0.0
5.9488864512e-07,0.0
1.5211452432e-08,0.0
1.5211452432e-08,0.0
2.6772081177599997e-07,0.0
5.966218192e-08,0.0
5.966218192e-08,0.0
8.9379791776e-08,0.0
4.31278353088e-07,0.0
4.31278353088e-07,0.0
1.78577593568e-07,0.0
1.78624532768e-07,0.0
1.78624532768e-07,0.0
1.63796260672e-07,0.0
4.3127361446399994e-07,0.0
4.3127361446399994e-07,0.0
6.9895553376e-07,0.0
3.4205252188799997e-07,0.0
3.4205252188799997e-07,0.0
3.12314392896e-07,0.0
9.071586022399999e-07,0.0
9.071586022399999e-07,0.0
1.33909982624e-07,0.0
7.4531447584e-08,0.0
7.4531447584e-08,0.0
4.4955057664e-08,0.0
1.6166808204799997e-08,0.0
1.6166808204799997e-08,0.0
4.5120954208e-08,0.0
3.8667556294399997e-07,0.0
3.8667556294399997e-07,0.0
3.86674668864e-07,0.0
4.5282827391999996e-08,0.0
4.5282827391999996e-08,0.0
3.08048692512e-08,0.0
1.78494399424e-07,0.0
1.78494399424e-07,0.0
1.48765390048e-07,0.0
3.0192321632e-08,0.0
3.0192321632e-08,0.0
1.1911792076799999e-07,0.0
3.0060042496e-08,0.0
3.0060042496e-08,0.0
4.8616270559999994e-09,0.0
3.12403890304e-07,0.0
3.12403890304e-07,0.0
2.97552774464e-07,0.0
5.5024767776e-07,0.0
5.5024767776e-07,0.0
5.2050521248e-07,0.0
4.01539419424e-07,0.0
4.01539419424e-07,0.0
7.287020224e-07,0.0
3.42062088544e-07,0.0
2.8259088211199995e-07,0.0
2.8259088211199995e-07,0.0
8.4767769504e-07,0.0
1.6367851033599999e-07,0.0
1.6367851033599999e-07,0.0
1.33973328192e-07,0.0
7.466082096e-08,0.0
7.466082096e-08,0.0
4.5170352128e-08,0.0
2.97473424864e-07,0.0
2.97473424864e-07,0.0
3.27210570368e-07,0.0
3.07615510752e-08,0.0
3.07615510752e-08,0.0
2.97463187648e-07,0.0
4.6102251712e-07,0.0
4.6102251712e-07,0.0
1.6364502704e-07,0.0
5.9708048224e-08,0.0
5.9708048224e-08,0.0
5.7443701216e-09,0.0
4.01551981248e-07,0.0
4.01551981248e-07,0.0
8.932181068799999e-08,0.0
2.38075801216e-07,0.0
2.38075801216e-07,0.0
2.23235771968e-07,0.0
1.93566621248e-07,0.0
1.93566621248e-07,0.0
4.7589464383999994e-07,0.0
6.9895866304e-07,0.0
6.9895866304e-07,0.0
3.1231984678400004e-07,0.0
3.1231984678400004e-07,0.0
2.8258314832e-07,0.0
1.63644043552e-07,0.0
1.63644043552e-07,0.0
1.3392670192e-07,0.0
7.456104163199999e-08,0.0
7.456104163199999e-08,0.0
4.5003427392e-08,0.0
1.6316222384e-08,0.0
1.6316222384e-08,0.0
4.5167491071999995e-08,0.0
3.8669085171199995e-07,0.0
3.8669085171199995e-07,0.0
3.8668906355199996e-07,0.0
7.4774100896e-08,0.0
7.4774100896e-08,0.0
8.1532853952e-09,0.0
4.5380282112e-08,0.0
1.6364905040000001e-07,0.0
1.6364905040000001e-07,0.0
1.19067226432e-07,0.0
5.8887819232e-09,0.0
5.8887819232e-09,0.0
3.42077332608e-07,0.0
1.4887482544e-07,0.0
1.4887482544e-07,0.0
1.48906833504e-07,0.0
1.19277692864e-07,0.0
1.19277692864e-07,0.0
1.0449224719999999e-07,0.0
3.8667350656e-07,0.0
3.8667350656e-07,0.0
3.71802184512e-07,0.0
7.881891881600001e-07,0.0
7.881891881600001e-07,0.0
2.5284698630400004e-07,0.0
1.93382619584e-07,0.0
1.93382619584e-07,0.0
1.63658035904e-07,0.0
4.4933465632e-08,0.0
4.4933465632e-08,0.0
1.58756465824e-08,0.0
1.04279322048e-07,0.0
1.04279322048e-07,0.0
1.34001268192e-07,0.0
4.7591163136e-07,0.0
4.7591163136e-07,0.0
5.0565275552e-07,0.0
5.0565186144e-07,0.0
1.1922525507199998e-07,0.0
1.1922525507199998e-07,0.0
4.5331733567999995e-08,0.0
1.04448303168e-07,0.0
1.04448303168e-07,0.0
6.8410933536e-07,0.0
3.0351150473599996e-08,0.0
3.0351150473599996e-08,0.0
3.04508359232e-08,0.0
1.48888951904e-07,0.0
1.48888951904e-07,0.0
8.9288819136e-08,0.0
5.2051907072e-07,0.0
5.2051907072e-07,0.0
2.67827788448e-07,0.0
2.3814446656e-07,0.0
2.3814446656e-07,0.0
2.0843816681599999e-07,0.0
6.6922245632e-07,0.0
6.6922245632e-07,0.0
3.71811348832e-07,0.0
7.8819365856e-07,0.0
7.8819365856e-07,0.0
2.52863750304e-07,0.0
2.2313313158399998e-07,0.0
1.6368861344e-07,0.0
1.6368861344e-07,0.0
9.6665381472e-07,0.0
7.4645219264e-08,0.0
7.4645219264e-08,0.0
4.5147463679999995e-08,0.0
1.66872477024e-08,0.0
1.66872477024e-08,0.0
3.12360125088e-07,0.0
3.12358202816e-07,0.0
3.12358202816e-07,0.0
8.0608062304e-09,0.0
6.004949737599999e-08,0.0
6.004949737599999e-08,0.0
2.08266905792e-07,0.0
7.138513536e-07,0.0
7.138513536e-07,0.0
1.48795431136e-07,0.0
3.0317112847999996e-08,0.0
3.0317112847999996e-08,0.0
3.04317428448e-08,0.0
4.31296234688e-07,0.0
4.31296234688e-07,0.0
1.7861304384e-07,0.0
1.48966602752e-07,0.0
1.48966602752e-07,0.0
1.19361736384e-07,0.0
1.19361736384e-07,0.0
4.0154594620799996e-07,0.0
3.42065441344e-07,0.0
3.42065441344e-07,0.0
8.1793210048e-07,0.0
1.93381591392e-07,0.0
1.93381591392e-07,0.0
1.63657186528e-07,0.0
1.04245525824e-07,0.0
1.04245525824e-07,0.0
1.02613695712e-06,0.0
4.509359536e-08,0.0
4.509359536e-08,0.0
2.38008208768e-07,0.0
5.990268944e-08,0.0
5.990268944e-08,0.0
1.04358939872e-07,0.0
1.04358939872e-07,0.0
1.63658170016e-07,0.0
1.48910722752e-07,0.0
1.78632803008e-07,0.0
1.78632803008e-07,0.0
8.933785942399999e-08,0.0
2.08369322656e-07,0.0
2.08369322656e-07,0.0
6.0975317216e-07,0.0
3.0025486304e-08,0.0
3.0025486304e-08,0.0
1.54625592704e-08,0.0
3.01907704032e-08,0.0
3.01907704032e-08,0.0
2.08233333088e-07,0.0
1.33920130432e-07,0.0
1.33920130432e-07,0.0
8.93700016e-08,0.0
2.23202556896e-07,0.0
2.23202556896e-07,0.0
2.3808188096e-07,0.0
2.2324051059199999e-07,0.0
4.907614060799999e-07,0.0
4.907614060799999e-07,0.0
6.3947194432e-07,0.0
4.0153964294399996e-07,0.0
4.0153964294399996e-07,0.0
3.42059495712e-07,0.0
2.23109572576e-07,0.0
2.23109572576e-07,0.0
1.93381412576e-07,0.0
9.6664979136e-07,0.0
9.6664979136e-07,0.0
7.4618307456e-08,0.0
7.4618307456e-08,0.0
4.5098781023999996e-08,0.0
1.64222066272e-08,0.0
2.97462248864e-07,0.0
2.97462248864e-07,0.0
2.97460952448e-07,0.0
4.5296193887999996e-08,0.0
4.5296193887999996e-08,0.0
7.4783846368e-08,0.0
1.78491493664e-07,0.0
1.78491493664e-07,0.0
1.4876060672e-07,0.0
3.01773055584e-08,0.0
3.01773055584e-08,0.0
4.6102698752e-07,0.0
4.6102698752e-07,0.0
3.0126606752e-08,0.0
2.82659502752e-07,0.0
2.82659502752e-07,0.0
2.67809772736e-07,0.0
2.3812341097599999e-07,0.0
2.3812341097599999e-07,0.0
4.9076230016e-07,0.0
4.3127750371199994e-07,0.0
4.3127750371199994e-07,0.0
4.0153651366399996e-07,0.0
8.179289712e-07,0.0
8.179289712e-07,0.0
2.2309879891200002e-07,0.0
1.9336688377599998e-07,0.0
9.666462150399999e-07,0.0
9.666462150399999e-07,0.0
7.4557375904e-08,0.0
7.4557375904e-08,0.0
4.4998554656e-08,0.0
1.6143106144e-08,0.0
4.515863968e-08,0.0
4.515863968e-08,0.0
3.56943290176e-07,0.0
5.995333907199999e-08,0.0
5.995333907199999e-08,0.0
1.67276020032e-08,0.0
4.5315461312e-08,0.0
4.5315461312e-08,0.0
1.93358300608e-07,0.0
1.93358300608e-07,0.0
1.4876677587200001e-07,0.0
3.0185303104e-08,0.0
3.0185303104e-08,0.0
1.1905779388800001e-07,0.0
1.1905779388800001e-07,0.0
4.610234112e-07,0.0
2.08340622688e-07,0.0
2.08340622688e-07,0.0
1.93502471008e-07,0.0
4.6101849375999996e-07,0.0
4.6101849375999996e-07,0.0
4.3127643081599994e-07,0.0
7.881851648e-07,0.0
7.881851648e-07,0.0
2.52832993952e-07,0.0
9.071586022399999e-07,0.0
9.071586022399999e-07,0.0
1.63641495424e-07,0.0
1.04224291424e-07,0.0
1.04224291424e-07,0.0
7.4560639296e-08,0.0
1.616787216e-08,0.0
1.616787216e-08,0.0
1.63138888352e-08,0.0
3.5694288784e-07,0.0
3.5694288784e-07,0.0
3.56941636128e-07,0.0
7.5873327552e-09,0.0
7.5873327552e-09,0.0
3.0729078089599994e-08,0.0
6.0003362848e-08,0.0
1.78490465472e-07,0.0
1.78490465472e-07,0.0
1.4875975734400002e-07,0.0
3.01768138144e-08,0.0
3.01768138144e-08,0.0
4.01545588576e-07,0.0
2.08298153888e-07,0.0
2.08298153888e-07,0.0
2.08322338752e-07,0.0
1.7864666124799998e-07,0.0
1.7864666124799998e-07,0.0
1.63821116096e-07,0.0
4.3127517910399994e-07,0.0
3.4204997376e-07,0.0
3.4204997376e-07,0.0
2.2309012633599997e-07,0.0
2.2309012633599997e-07,0.0
1.93355931296e-07,0.0
9.6664397984e-07,0.0
9.6664397984e-07,0.0
1.04197066688e-07,0.0
7.4519019872e-08,0.0
1.5944057113599998e-08,0.0
1.5944057113599998e-08,0.0
1.61010754432e-08,0.0
3.56940831456e-07,0.0
3.56940831456e-07,0.0
3.56940786752e-07,0.0
1.65315973152e-08,0.0
1.65315973152e-08,0.0
1.65949428832e-08,0.0
7.475219593599999e-08,0.0
7.475219593599999e-08,0.0
7.435996304e-07,0.0
1.48751174176e-07,0.0
1.48751174176e-07,0.0
5.9623423552e-08,0.0
4.01542548704e-07,0.0
4.01542548704e-07,0.0
4.6102385824e-07,0.0
2.0829202944e-07,0.0
1.9347511215999998e-07,0.0
1.9347511215999998e-07,0.0
1.6381463401599999e-07,0.0
1.6381463401599999e-07,0.0
4.31273078016e-07,0.0
3.4204702329600003e-07,0.0
3.4204702329600003e-07,0.0
8.179262889599999e-07,0.0
1.93349672736e-07,0.0
1.93349672736e-07,0.0
1.63618294048e-07,0.0
1.04183521376e-07,0.0
1.04183521376e-07,0.0
7.4499216e-08,0.0
1.5842409158399997e-08,0.0
1.5842409158399997e-08,0.0
1.5996901712e-08,0.0
7.465755756799999e-08,0.0
7.465755756799999e-08,0.0
3.8667408771199997e-07,0.0
3.8667417711999997e-07,0.0
3.0665222896e-08,0.0
3.0665222896e-08,0.0
1.6718544972799998e-08,0.0
7.4359828928e-07,0.0
7.4359828928e-07,0.0
1.78484117504e-07,0.0
3.00689251808e-08,0.0
3.00689251808e-08,0.0
3.7180205040000004e-07,0.0
3.7180205040000004e-07,0.0
4.3128273408e-07,0.0
1.63747309792e-07,0.0
1.63747309792e-07,0.0
1.48920021184e-07,0.0
1.19306124608e-07,0.0
1.19306124608e-07,0.0
4.0153266912e-07,0.0
3.42049213792e-07,0.0
3.42049213792e-07,0.0
8.179271830399999e-07,0.0
1.93353249056e-07,0.0
1.93353249056e-07,0.0
1.6362236211200001e-07,0.0
1.04186516544e-07,0.0
1.04186516544e-07,0.0
1.0261311455999998e-06,0.0
4.4958991616e-08,0.0
4.4958991616e-08,0.0
4.5027299328e-08,0.0
2.37972937312e-07,0.0
2.37972937312e-07,0.0
5.9869206144e-08,0.0
1.0434378521599999e-07,0.0
1.0434378521599999e-07,0.0
1.63615656512e-07,0.0
1.4890276544000001e-07,0.0
1.93487763392e-07,0.0
1.93487763392e-07,0.0
5.956405664e-08,0.0
5.956405664e-08,0.0
4.4728989536e-08,0.0
2.99696599488e-08,0.0
3.0126423465599996e-08,0.0
3.0126423465599996e-08,0.0
3.42062312064e-07,0.0
8.945404512e-08,0.0
8.945404512e-08,0.0
8.950478416e-08,0.0
7.4801996192e-08,0.0
7.4801996192e-08,0.0
6.0120979072e-08,0.0
3.42046129216e-07,0.0
3.42046129216e-07,0.0
3.1230482624e-07,0.0
2.8256459616e-07,0.0
1.9334859984e-07,0.0
1.9334859984e-07,0.0
1.6361632707200002e-07,0.0
1.04175340544e-07,0.0
1.04175340544e-07,0.0
7.448558128e-08,0.0
1.57577308416e-08,0.0
1.57577308416e-08,0.0
1.59029964896e-08,0.0
7.4634982048e-08,0.0
7.4634982048e-08,0.0
3.86679496896e-07,0.0
4.16419414048e-07,0.0
4.16419414048e-07,0.0
7.472631231999999e-08,0.0
7.472631231999999e-08,0.0
7.6875948864e-09,0.0
1.19245148352e-07,0.0
1.19245148352e-07,0.0
6.8411246464e-07,0.0
8.9331824384e-08,0.0
8.9331824384e-08,0.0
3.01409209728e-08,0.0
3.71808621888e-07,0.0
3.71808621888e-07,0.0
1.19044561504e-07,0.0
2.08324126912e-07,0.0
2.08324126912e-07,0.0
1.93508461344e-07,0.0
1.93508461344e-07,0.0
1.78677596416e-07,0.0
4.31279023648e-07,0.0
4.31279023648e-07,0.0
3.71796596512e-07,0.0
2.5283822432e-07,0.0
2.5283822432e-07,0.0
2.2310420809599999e-07,0.0
1.78513756256e-07,0.0
1.78513756256e-07,0.0
1.3394789161599998e-07,0.0
1.3394789161599998e-07,0.0
1.04256970048e-07,0.0
4.5093327136e-08,0.0
4.5093327136e-08,0.0
1.6400377664e-08,0.0
3.2720538470399996e-07,0.0
3.2720538470399996e-07,0.0
3.2720350713599996e-07,0.0
1.67937013376e-08,0.0
1.67937013376e-08,0.0
